date,symbol,open,high,low,close,volume
2019-12-11,SMH,67.295,68.27,67.035,68.24,9614550
2019-12-12,SMH,68.335,70.235,68.265,70.2,12057132
2019-12-13,SMH,70.195,70.965,69.705,69.93,10017418
2019-12-16,SMH,70.79,71.05,70.465,70.5,7100784
2019-12-17,SMH,71,71.045,70.49,70.9,5579496
2019-12-18,SMH,71.1,71.1,70.545,70.655,4843014
2019-12-19,SMH,70.965,71.12,70.575,71.065,4704264
2019-12-20,SMH,71.45,71.985,71.21,71.75,6537454
2019-12-23,SMH,71.565,71.71,70.81,71.04,5452562
2019-12-24,SMH,71.215,71.215,70.715,71.185,2355114
2019-12-26,SMH,71.26,71.49,71.035,71.375,3149748
2019-12-27,SMH,71.635,71.7,70.98,71.13,3688516
2019-12-30,SMH,71.25,71.25,70.125,70.615,5910098
2019-12-31,SMH,70.375,70.84,70.205,70.705,5706602
2020-01-02,SMH,71.895,72.47,71.655,72.34,5200298
2020-01-03,SMH,71.275,71.7153,70.94,71.155,9963630
2020-01-06,SMH,70.255,70.565,69.885,70.395,6514862
2020-01-07,SMH,71.12,71.825,70.7,71.57,6547824
2020-01-08,SMH,71.565,72.055,71.26,71.69,6113614
2020-01-09,SMH,72.605,72.605,71.42,72.1,6405040
2020-01-10,SMH,72.51,72.51,71.37,71.5,4503876
2020-01-13,SMH,72.1,72.5275,71.84,72.5,7212806
2020-01-14,SMH,72.59,73.135,72.21,72.65,6054004
2020-01-15,SMH,72.355,72.46,71.37,71.575,7380484
2020-01-16,SMH,72.24,72.73,72.155,72.73,6238632
2020-01-17,SMH,73.045,73.05,72.51,73.03,5896456
2020-01-21,SMH,72.74,73.415,72.675,73.09,6054580
2020-01-22,SMH,73.62,74.305,73.48,73.695,7073678
2020-01-23,SMH,73.9,74.15,73.2867,74.15,8739926
2020-01-24,SMH,75.155,75.37,73.275,73.825,9999234
2020-01-27,SMH,71.43,71.75,70.6251,70.85,13582646
2020-01-28,SMH,71.625,72.79,71.205,72.625,7419468
2020-01-29,SMH,72.33,72.57,71.405,71.52,5877814
2020-01-30,SMH,70.795,71.47,69.985,71.355,10334250
2020-01-31,SMH,70.72,70.7825,68.48,68.785,12204780
2020-02-03,SMH,69.085,69.8175,68.995,69.725,7687356
2020-02-04,SMH,71.6,72.035,71.235,71.97,10815558
2020-02-05,SMH,73.25,73.555,72.43,73.4,10792958
2020-02-06,SMH,73.5,73.52,72.595,73.45,5421890
2020-02-07,SMH,72.725,72.7849,71.73,71.77,10472384
2020-02-10,SMH,71.29,72.915,71.25,72.9,8198426
2020-02-11,SMH,73.56,74.7475,73.56,74.44,10834218
2020-02-12,SMH,74.995,75.58,74.995,75.49,7438322
2020-02-13,SMH,74.975,76.165,74.87,75.67,7965630
2020-02-14,SMH,76,76.31,74.895,75.345,7469736
2020-02-18,SMH,73.835,74.33,73.555,74.215,11819286
2020-02-19,SMH,75.37,76.26,75.25,76.125,8133942
2020-02-20,SMH,75.8,75.9,73.77,74.925,7755982
2020-02-21,SMH,74.43,74.475,72.48,72.725,14165040
2020-02-24,SMH,69.385,70.365,68.77,69.43,19728176
2020-02-25,SMH,70.25,70.47,67.105,67.43,25658582
2020-02-26,SMH,68.01,69.125,67.295,67.835,19093738
2020-02-27,SMH,66,67.025,64.55,64.71,25962430
2020-02-28,SMH,62.3,66.34,62.155,65.985,19299140
2020-03-02,SMH,66.84,68.28,65.005,68.27,14083044
2020-03-03,SMH,68.525,69.455,65.555,66.03,14800954
2020-03-04,SMH,67.34,69.415,66.6231,69.415,10803060
2020-03-05,SMH,67.505,68.89,66.645,67.235,11345974
2020-03-06,SMH,65.255,66.365,64.325,65.94,14819274
2020-03-09,SMH,60.33,63.5,60.24,60.455,14174330
2020-03-10,SMH,62.765,64.18,60.615,64.18,12554730
2020-03-11,SMH,62.065,63.5,60.095,60.715,14562868
2020-03-12,SMH,56.47,58.815,54.295,54.305,13776036
2020-03-13,SMH,57.66,60.08,54.55,59.57,11600028
2020-03-16,SMH,52.6,56.22,50.64,50.985,13095850
2020-03-17,SMH,51.885,55.71,50.25,55.115,19195714
2020-03-18,SMH,51,53.185,48,50.535,14520406
2020-03-19,SMH,50.145,53.075,48.52,51.43,10292634
2020-03-20,SMH,53.575,54.61,50.4,50.53,13732978
2020-03-23,SMH,51.225,53.15,49.962,52.405,13153686
2020-03-24,SMH,55.75,58.04,55.7,57.815,15628578
2020-03-25,SMH,58.37,60.195,56.355,57.38,9801666
2020-03-26,SMH,58.4,61,58.1,60.86,9212772
2020-03-27,SMH,58.765,59.535,57.475,57.495,12571404
2020-03-30,SMH,58.56,59.955,57.92,59.75,9145510
2020-03-31,SMH,59.87,60.67,58.18,58.57,10226512
2020-04-01,SMH,56.72,58.095,55.09,55.665,12936274
2020-04-02,SMH,55.17,57.35,55.12,57.165,9846112
2020-04-03,SMH,57,57.73,55.405,56.02,7177598
2020-04-06,SMH,58.615,61.905,58.61,61.59,17370950
2020-04-07,SMH,63.85,63.94,61.4,61.4,11802856
2020-04-08,SMH,62.495,63.745,61.69,63.435,9511570
2020-04-09,SMH,64.095,64.82,61.445,61.935,20815010
2020-04-13,SMH,61.665,62.845,61.375,62.745,10961670
2020-04-14,SMH,64.31,65.55,64.09,65.49,15346446
2020-04-15,SMH,64.025,64.065,62.995,63.725,12026728
2020-04-16,SMH,64.825,65.715,64.2,65.415,9309966
2020-04-17,SMH,66.68,66.9746,65.43,66.055,10195166
2020-04-20,SMH,65.005,66.06,64.635,64.655,6241222
2020-04-21,SMH,63.555,63.91,61.39,61.76,12767292
2020-04-22,SMH,63.575,65.62,63.525,65.25,12030526
2020-04-23,SMH,65.23,65.96,64.5,64.65,8544478
2020-04-24,SMH,64.645,66.115,64.159,65.955,7987978
2020-04-27,SMH,66.61,67.335,66.255,66.77,8903624
2020-04-28,SMH,67.895,68.23,66.25,66.325,9113566
2020-04-29,SMH,67.52,69.68,67.265,69.44,9770988
2020-04-30,SMH,69.05,69.05,66.75,66.865,13736398
2020-05-01,SMH,65.43,65.55,63.465,63.715,12031126
2020-05-04,SMH,63.45,64.5,63.055,64.42,7615792
2020-05-05,SMH,65.335,66.415,64.89,65.26,9668896
2020-05-06,SMH,66.055,67.0182,65.87,66.025,6652898
2020-05-07,SMH,67.25,67.4583,66.3566,66.625,6246778
2020-05-08,SMH,67.36,68.405,67.09,68.325,6033270
2020-05-11,SMH,67.665,68.85,67.62,68.36,5441712
2020-05-12,SMH,68.8,68.955,66.4575,66.48,7153254
2020-05-13,SMH,66.965,67.195,64.385,65.3,13728498
2020-05-14,SMH,64.805,67.195,63.705,67.13,11389616
2020-05-15,SMH,64.875,65.925,64.43,65.6,14959036
2020-05-18,SMH,67.28,68.785,67.215,68.425,8480874
2020-05-19,SMH,68.395,69.635,68.065,68.17,7989994
2020-05-20,SMH,69.68,71.0054,69.66,70.64,9048698
2020-05-21,SMH,70.47,70.645,68.75,68.85,8866372
2020-05-22,SMH,68.885,69.075,68.045,68.995,4968938
2020-05-26,SMH,70.635,71.07,69.485,69.59,9327184
2020-05-27,SMH,69.615,70.65,67.825,70.64,13018704
2020-05-28,SMH,70.25,71.005,68.775,69.13,10385744
2020-05-29,SMH,69.385,70.945,69.14,70.515,12026206
2020-06-01,SMH,70.45,70.7775,69.89,70.41,6335062
2020-06-02,SMH,70.745,71.86,70.335,71.795,7555808
2020-06-03,SMH,72.885,74.07,72.88,73.775,8987508
2020-06-04,SMH,73.445,75.09,73.35,74.59,6281538
2020-06-05,SMH,76.165,77.385,76.075,76.35,9793530
2020-06-08,SMH,76.695,76.7191,74.73,76.12,5562422
2020-06-09,SMH,75.285,76.5425,75.035,76.26,5725996
2020-06-10,SMH,76.725,77.365,76.33,76.65,7013284
2020-06-11,SMH,74.735,75.05,71.895,71.945,9342858
2020-06-12,SMH,74,74.375,71.425,72.96,9391828
2020-06-15,SMH,71.36,74.01,71.165,73.905,8523544
2020-06-16,SMH,75.905,76.31,73.89,75.06,7783666
2020-06-17,SMH,75.765,76.505,75.36,75.855,9421924
2020-06-18,SMH,75.71,76.175,75.3625,75.75,5770018
2020-06-19,SMH,76.55,76.975,75.205,75.395,6698106
2020-06-22,SMH,75.41,76.15,74.76,76.085,5636014
2020-06-23,SMH,76.6,77.05,76.175,76.335,4749284
2020-06-24,SMH,75.925,76.35,74.165,74.735,8941852
2020-06-25,SMH,74.84,75.39,73.55,75.245,4635484
2020-06-26,SMH,75.245,75.41,73.6775,73.835,7897858
2020-06-29,SMH,74.07,74.585,72.925,74.585,6789718
2020-06-30,SMH,75.045,76.679,74.935,76.4,8866664
2020-07-01,SMH,76.45,76.48,75.52,75.525,6057518
2020-07-02,SMH,76.565,77.255,76.31,76.68,6947370
2020-07-06,SMH,78.0867,79.05,77.925,78.795,6926344
2020-07-07,SMH,78.575,79.035,77.66,77.815,5952530
2020-07-08,SMH,78.52,79.005,77.875,78.93,5181802
2020-07-09,SMH,79.25,80.62,78.4425,80.3,11834058
2020-07-10,SMH,80.285,80.515,79.195,79.985,4752362
2020-07-13,SMH,81.2,82.0269,78.68,78.835,9496672
2020-07-14,SMH,78.3155,80.35,77.405,80.16,7806648
2020-07-15,SMH,80.655,80.685,78.645,79.795,6357278
2020-07-16,SMH,79.045,79.975,78.55,79.735,6811230
2020-07-17,SMH,80.26,80.39,79.71,80.105,4978830
2020-07-20,SMH,80.225,81.92,79.66,81.705,4485574
2020-07-21,SMH,82.54,82.585,81.07,81.295,6096294
2020-07-22,SMH,81.56,82.47,81.24,81.89,4728946
2020-07-23,SMH,81.91,82.525,79.835,80.54,7435996
2020-07-24,SMH,79.275,80.94,78.615,79.73,6040894
2020-07-27,SMH,81.54,83.005,81.4205,82.945,5584730
2020-07-28,SMH,81.805,81.91,80.665,80.79,5693362
2020-07-29,SMH,81.51,83.135,81.365,82.825,6411962
2020-07-30,SMH,82.105,83.7,81.93,83.605,6549890
2020-07-31,SMH,83.77,83.77,81.915,83.11,10354982
2020-08-03,SMH,83.6625,84.725,83.575,84.59,4027858
2020-08-04,SMH,84.63,85.9,84.56,85.82,5996992
2020-08-05,SMH,85.82,86.545,85.42,85.895,4377218
2020-08-06,SMH,85.86,85.875,84.87,85.745,4439020
2020-08-07,SMH,85.615,86.0161,83.87,84.76,5515216
2020-08-10,SMH,85.035,85.22,83.57,84.82,4575270
2020-08-11,SMH,84.835,85.255,83.37,83.62,6514676
2020-08-12,SMH,84.36,86.5,84.015,86.25,5740314
2020-08-13,SMH,86.205,86.3,85.04,85.43,4550142
2020-08-14,SMH,85.675,86.43,85.14,85.34,3263100
2020-08-17,SMH,86.33,87.055,86.12,86.585,2801762
2020-08-18,SMH,86.945,87.165,85.82,86.05,3021820
2020-08-19,SMH,86.215,86.295,85.32,85.525,4716762
2020-08-20,SMH,84.59,85.1075,84.115,84.84,5814798
2020-08-21,SMH,84.81,85.475,84.51,85.455,4163094
2020-08-24,SMH,86.41,86.695,85.605,86.215,2595322
2020-08-25,SMH,86.415,87.23,86.3975,87.19,2598880
2020-08-26,SMH,87.41,87.965,87.175,87.675,2835924
2020-08-27,SMH,87.975,88.195,85.92,86.445,6243256
2020-08-28,SMH,86.7,87.9,86.425,87.82,2711602
2020-08-31,SMH,87.55,88.32,86.95,87.685,3468914
2020-09-01,SMH,88.35,89.45,87.94,89.405,3668178
2020-09-02,SMH,90.9,92.305,89.69,91.775,7924922
2020-09-03,SMH,90.41,90.41,86.185,86.9,13800318
2020-09-04,SMH,86.195,87.36,82.7476,85.705,9851354
2020-09-08,SMH,82.4,84.31,81.7875,81.905,7993394
2020-09-09,SMH,83.915,84.8872,82.995,84.25,4672290
2020-09-10,SMH,85.2404,85.655,82.7,83.19,5838008
2020-09-11,SMH,83.9,84.685,82.235,83.03,4779832
2020-09-14,SMH,84.975,85.505,84.265,84.9,4549686
2020-09-15,SMH,86.09,87.24,85.8869,86.685,7696242
2020-09-16,SMH,87.24,87.37,85.485,85.62,3870646
2020-09-17,SMH,83.26,85.562,83.105,85.425,4373960
2020-09-18,SMH,85.92,86.09,83.1206,84.135,5509248
2020-09-21,SMH,82.715,84.18,82.015,84.175,8011734
2020-09-22,SMH,84.675,85.015,83.18,84.865,3214242
2020-09-23,SMH,84.95,85.325,82.625,82.925,4852162
2020-09-24,SMH,82.15,84.805,82.05,83.65,6386164
2020-09-25,SMH,83.43,84.88,82.46,84.62,5076726
2020-09-28,SMH,85.9286,86.84,85.23,86.77,3918684
2020-09-29,SMH,86.565,87.785,86.565,87.23,6431392
2020-09-30,SMH,87.065,88.095,86.7231,87.1,5782210
2020-10-01,SMH,88.765,89.54,88.3237,89.25,4724854
2020-10-02,SMH,87.265,88.475,86.54,86.575,6279372
2020-10-05,SMH,87.395,89.525,87.325,89.525,3832234
2020-10-06,SMH,89.31,90.805,88.39,88.74,10500200
2020-10-07,SMH,90.08,90.885,90.06,90.64,3467612
2020-10-08,SMH,91.62,91.87,91.18,91.75,3773226
2020-10-09,SMH,93.135,93.55,92.7,93.325,5310136
2020-10-12,SMH,94.62,95.36,94.055,94.97,4606586
2020-10-13,SMH,95.035,95.475,94.29,94.685,3183154
2020-10-14,SMH,95.09,95.27,93.6,94.185,4294234
2020-10-15,SMH,92.455,93.95,92.2,93.82,2656244
2020-10-16,SMH,94.51,94.51,93.16,93.235,3466998
2020-10-19,SMH,93.925,94.545,92.41,92.775,4638618
2020-10-20,SMH,93.425,93.585,92.545,92.85,4994578
2020-10-21,SMH,93,93.355,92.16,92.255,4890666
2020-10-22,SMH,92.295,92.645,91.165,92.22,3147160
2020-10-23,SMH,92.115,92.115,91.125,92,3332080
2020-10-26,SMH,91.285,91.625,88.935,90.03,6465254
2020-10-27,SMH,90.76,90.97,89.35,89.72,3752108
2020-10-28,SMH,88.18,88.295,86.635,86.825,9156348
2020-10-29,SMH,86.935,89.755,86.68,88.97,4594222
2020-10-30,SMH,87.895,88.5,86.53,87.475,4847440
2020-11-02,SMH,88.255,88.93,87.305,88.155,3878526
2020-11-03,SMH,88.915,90.6325,88.855,89.99,5890174
2020-11-04,SMH,91.95,93.62,90.8081,93.29,7822518
2020-11-05,SMH,95.7022,97.135,95.505,96.995,6045494
2020-11-06,SMH,96.845,98.7925,96.3,98.5,6303608
2020-11-09,SMH,100.91,101.445,97.325,97.425,10781236
2020-11-10,SMH,96.85,96.875,94.185,94.41,6903188
2020-11-11,SMH,96,97.975,95.915,97.73,5375384
2020-11-12,SMH,97.845,98.34,96.235,96.675,6405544
2020-11-13,SMH,97.92,98.865,97.44,98.1,4875048
2020-11-16,SMH,98.87,101.155,98.71,100.86,4773406
2020-11-17,SMH,100.625,100.625,99.2455,99.7,3430226
2020-11-18,SMH,100.23,100.68,99.16,99.205,7665230
2020-11-19,SMH,98.685,100.595,98.335,100.5,4394818
2020-11-20,SMH,100.705,101.315,99.88,99.99,3579314
2020-11-23,SMH,100.755,101.975,100.395,101.53,5039904
2020-11-24,SMH,102.195,102.24,100.385,101.85,3909890
2020-11-25,SMH,101.95,102.5,101.425,101.845,3595642
2020-11-27,SMH,102.55,103.785,102.55,103.21,3684552
2020-11-30,SMH,103.38,105.275,101.99,104.305,8532526
2020-12-01,SMH,105.315,107,104.875,106.2,6738106
2020-12-02,SMH,106.16,106.975,105.7,106.625,5308988
2020-12-03,SMH,107.31,107.83,106.46,106.585,4605118
2020-12-04,SMH,107.23,109.695,107.035,109.695,5366978
2020-12-07,SMH,110.41,110.45,109.345,110.32,4150660
2020-12-08,SMH,110.265,110.895,109.565,110.465,3726026
2020-12-09,SMH,109.895,110.315,106.335,107.045,7175164
2020-12-10,SMH,106.085,107.845,105.68,107.125,4239406
2020-12-11,SMH,106.41,107.095,105.2069,106.255,4151642
2020-12-14,SMH,107.2,107.9675,106.77,107.34,4346512
2020-12-15,SMH,108.695,109.31,108.2,109.025,5029394
2020-12-16,SMH,109.48,109.48,108.13,108.98,2536298
2020-12-17,SMH,109.665,109.7,108.54,108.955,2250840
2020-12-18,SMH,109.095,109.275,107.8875,108.58,6821120
2020-12-21,SMH,106.18,107.345,105.4,107.285,4260758
2020-12-22,SMH,107.455,107.46,106.175,107.095,3693908
2020-12-23,SMH,107.25,107.615,106.235,106.295,2660068
2020-12-24,SMH,106.6,107.455,106.6,107.435,1142898
2020-12-28,SMH,108.6409,108.745,107.12,107.22,2445734
2020-12-29,SMH,107.84,107.895,105.961,106.95,4497940
2020-12-30,SMH,107.575,109.05,107.575,108.925,2108846
2020-12-31,SMH,108.98,109.27,108.135,109.21,2863096
2021-01-04,SMH,110.275,112.5,108.28,109.43,9300588
2021-01-05,SMH,109.225,111.45,109.225,111.345,4639014
2021-01-06,SMH,110.415,113.105,109.97,111.005,7689260
2021-01-07,SMH,112.9,115.83,112.9,115.585,5244660
2021-01-08,SMH,117.56,117.9625,113.93,115.17,6728068
2021-01-11,SMH,114.72,117.675,114.4896,116.895,6266994
2021-01-12,SMH,117.91,118.375,116.27,117.44,6375140
2021-01-13,SMH,118.25,118.315,116.25,116.805,4428042
2021-01-14,SMH,118.53,121.435,118.39,119.71,6605696
2021-01-15,SMH,119.4,119.595,116.355,117.38,7656894
2021-01-19,SMH,119.625,121.5,118.985,121.41,6144486
2021-01-20,SMH,123.04,123.395,120.645,120.905,6309846
2021-01-21,SMH,122.465,123.07,120.94,122.775,7217856
2021-01-22,SMH,121.5,122.14,120.395,120.465,5508702
2021-01-25,SMH,121.585,121.845,118.485,120.94,7048468
2021-01-26,SMH,120.73,120.8,118.82,118.85,5392994
2021-01-27,SMH,116.44,116.44,112.465,113.045,11583590
2021-01-28,SMH,115.5795,117.185,114.39,115.41,7953618
2021-01-29,SMH,115.5,115.91,112.785,113.305,8083676
2021-02-01,SMH,115.07,117.9201,114.745,117.745,5437840
2021-02-02,SMH,119.5854,119.5854,117.9018,119.355,8677388
2021-02-03,SMH,119.91,119.91,117.005,117.11,6479774
2021-02-04,SMH,116.845,118.465,116.17,118.465,5895736
2021-02-05,SMH,119.22,119.245,117.44,117.605,4920582
2021-02-08,SMH,118.76,121.5475,118.595,121.535,8969132
2021-02-09,SMH,121.025,122.115,120.615,121.175,3216156
2021-02-10,SMH,122.25,122.945,119.995,121.485,7481162
2021-02-11,SMH,122.845,125.9975,122.775,125.985,10339946
2021-02-12,SMH,125.535,127.5199,124.775,127.28,6800792
2021-02-16,SMH,128.99,129.295,127.33,128.06,6947738
2021-02-17,SMH,126.735,127.24,124.01,125.58,7337990
2021-02-18,SMH,124.12,124.8,122.65,124.245,6065342
2021-02-19,SMH,126.1483,127.905,125.6,126.93,8658840
2021-02-22,SMH,125.265,125.93,121.835,122.29,6752942
2021-02-23,SMH,119.975,121.94,116.44,121.115,9492350
2021-02-24,SMH,119.985,125.025,119.22,125.01,9290986
2021-02-25,SMH,123.52,124.145,117.615,118.04,12311890
2021-02-26,SMH,120.065,121.445,117.46,120.475,10312696
2021-03-01,SMH,122.345,124.125,121.18,124.1,7118900
2021-03-02,SMH,124.34,124.34,120.18,120.285,7697296
2021-03-03,SMH,120.43,120.775,116.375,116.495,9035078
2021-03-04,SMH,115.885,116.695,109.18,110.84,18054788
2021-03-05,SMH,113.695,114.625,108.455,114.395,14766656
2021-03-08,SMH,113.77,114.28,108.07,108.11,15614524
2021-03-09,SMH,112.1027,115.26,111.65,114.515,14207142
2021-03-10,SMH,116.27,116.27,112.105,112.19,12627410
2021-03-11,SMH,115.6308,117.465,115.035,116.905,8957336
2021-03-12,SMH,114.75,115.7,113.875,115.445,7449184
2021-03-15,SMH,116.11,117.935,115.165,117.935,6876340
2021-03-16,SMH,119.115,120.91,118.355,119.225,9247120
2021-03-17,SMH,117.355,121.29,116.515,120.345,10292348
2021-03-18,SMH,118.6,118.78,115.415,115.525,8934818
2021-03-19,SMH,115.695,117.86,114.4,116.84,14151120
2021-03-22,SMH,118.415,120.91,118.075,119.625,9827338
2021-03-23,SMH,119.765,119.765,116.1121,116.63,9038676
2021-03-24,SMH,118.42,118.66,114.5675,114.63,8924972
2021-03-25,SMH,113.11,115.41,112.205,115.05,13527970
2021-03-26,SMH,115.385,120.8505,115.075,120.82,15262396
2021-03-29,SMH,119.6839,119.95,117.455,118.885,12544272
2021-03-30,SMH,118.33,118.855,117.265,118.375,6676398
2021-03-31,SMH,119.385,122.44,119.385,121.775,10132204
2021-04-01,SMH,124.02,126.475,124.015,126.47,11310214
2021-04-05,SMH,128.525,128.77,126.69,128.575,9784696
2021-04-06,SMH,127.725,128.245,125.58,126.815,11804912
2021-04-07,SMH,126.84,127.305,125.7475,126.525,7925928
2021-04-08,SMH,128.21,128.34,127.21,128.34,6799390
2021-04-09,SMH,127.494,128.04,126.865,128.04,5391220
2021-04-12,SMH,127.42,127.42,125.445,126.555,6823334
2021-04-13,SMH,127.5721,127.79,125.37,126.305,7384086
2021-04-14,SMH,126.375,127.15,124.51,125.095,7224572
2021-04-15,SMH,126.47,126.935,125.11,126.7,8138786
2021-04-16,SMH,126.775,126.96,125.855,126.205,7214972
2021-04-19,SMH,125.255,125.715,121.895,123.08,10237522
2021-04-20,SMH,122.65,123.105,120.725,121.355,9636616
2021-04-21,SMH,121.62,124.64,121.05,124.555,9880218
2021-04-22,SMH,124.5,124.675,121.035,121.8,8253280
2021-04-23,SMH,122.385,124.82,122.275,124.6,6415088
2021-04-26,SMH,124.735,126.765,124.605,126.73,5541598
2021-04-27,SMH,127.05,127.205,125.44,125.99,6919586
2021-04-28,SMH,125.595,125.595,123.82,123.975,6782448
2021-04-29,SMH,125.6,125.68,123.09,125.12,7921592
2021-04-30,SMH,123.03,123.73,121.195,121.5,9111606
2021-05-03,SMH,122.29,122.4,119.71,120.09,9077930
2021-05-04,SMH,118.755,118.96,116.4,118.6,14625390
2021-05-05,SMH,119.8912,120.645,118.475,119.125,9871592
2021-05-06,SMH,118.875,120.315,117.76,120.105,12851168
2021-05-07,SMH,121.785,122.75,120.685,121.8,10771582
2021-05-10,SMH,120.55,120.55,116.19,116.4,10633992
2021-05-11,SMH,112.985,116.895,112.635,116.625,13493064
2021-05-12,SMH,114.0618,114.55,111.41,111.815,15262730
2021-05-13,SMH,113.69,115,112.005,113.085,17899906
2021-05-14,SMH,114.83,117.45,113.7,116.67,8363548
2021-05-17,SMH,114.955,115.41,113.42,115.37,10105374
2021-05-18,SMH,116.46,116.85,114.59,114.735,7617598
2021-05-19,SMH,112.14,116.91,111.97,116.79,16199930
2021-05-20,SMH,117.75,120.185,117.565,119.69,11437616
2021-05-21,SMH,120.395,120.4849,118.75,119.085,10890962
2021-05-24,SMH,120.15,122.515,119.94,121.7,7521912
2021-05-25,SMH,122.76,123.24,121.66,122.5,8098154
2021-05-26,SMH,122.5,123.2,121.665,122.625,6491998
2021-05-27,SMH,122.39,123.705,122.1,123.215,5487834
2021-05-28,SMH,123.585,125.035,123.365,124.595,6944074
2021-06-01,SMH,125.485,126.565,123.66,124.41,7920014
2021-06-02,SMH,124.25,125.535,123.835,125.14,6451484
2021-06-03,SMH,123.845,124.28,122.4,123,7640996
2021-06-04,SMH,124.18,126.185,124.165,125.74,7182292
2021-06-07,SMH,125.435,125.455,124.27,125.1,5799874
2021-06-08,SMH,125.96,125.965,123.135,124.07,6159338
2021-06-09,SMH,124.57,124.795,123.605,123.685,5712108
2021-06-10,SMH,123.72,125.555,123.675,125.3,6569954
2021-06-11,SMH,125.745,125.745,124.795,125.74,4843178
2021-06-14,SMH,126,127.44,125.42,127.44,6280370
2021-06-15,SMH,127.05,127.945,126.01,126.34,6987388
2021-06-16,SMH,126.735,127.16,124.22,125.275,9597608
2021-06-17,SMH,124.81,127.695,124.81,126.69,7849402
2021-06-18,SMH,125.605,125.935,123.065,123.465,10137534
2021-06-21,SMH,123.46,123.99,122.48,123.79,7902218
2021-06-22,SMH,123.89,124.65,123.135,124.6,6094738
2021-06-23,SMH,124.965,125.905,124.86,125.23,4196120
2021-06-24,SMH,126.465,127.555,126.33,127.275,4043112
2021-06-25,SMH,127.535,127.865,126.455,126.775,5170698
2021-06-28,SMH,127.765,130.27,127.765,129.85,6955436
2021-06-29,SMH,129.85,130.98,129.19,130.98,5117560
2021-06-30,SMH,130.795,131.245,130.055,131.12,5429566
2021-07-01,SMH,130.7854,130.815,128.74,129.185,4886328
2021-07-02,SMH,130.225,130.225,129.105,129.9,3515836
2021-07-06,SMH,130.48,131.0499,128.235,129.86,5563454
2021-07-07,SMH,130.615,130.825,127.555,128.06,5018786
2021-07-08,SMH,125.5,126.97,124.445,126.345,6860580
2021-07-09,SMH,127.03,128.73,126.05,128.5,5521760
2021-07-12,SMH,129.105,130.29,128.645,130.185,4457560
2021-07-13,SMH,129.81,130.62,129.11,129.905,4907290
2021-07-14,SMH,131.325,131.93,129.2,129.62,6704250
2021-07-15,SMH,128.755,128.755,125.18,126.065,12503126
2021-07-16,SMH,126.83,127.185,123.11,123.425,8994208
2021-07-19,SMH,121.595,123.52,121.045,123.4,12381218
2021-07-20,SMH,123.855,125.65,122.205,124.91,7590240
2021-07-21,SMH,125.5,128.535,125.32,128.5,6350082
2021-07-22,SMH,127.705,128.475,126.855,127.725,6214474
2021-07-23,SMH,128.31,128.685,127.045,128.655,4456412
2021-07-26,SMH,128.05,128.75,127.6,128.51,2543896
2021-07-27,SMH,127.655,127.935,123.715,126.24,6707000
2021-07-28,SMH,126.6492,128.805,126.005,128.495,6731574
2021-07-29,SMH,128.62,131.075,128.58,130.905,6820500
2021-07-30,SMH,129.565,131.98,129.56,131.57,6459688
2021-08-02,SMH,132.695,133.97,132.14,132.5,8518844
2021-08-03,SMH,132.765,133.71,131.425,133.7,6436922
2021-08-04,SMH,134.1,135.66,133.885,135.16,7093106
2021-08-05,SMH,135.59,135.895,134.265,135.01,5626798
2021-08-06,SMH,134.005,135.01,133.955,134.285,4119498
2021-08-09,SMH,134.54,134.9,133.365,133.88,3998144
2021-08-10,SMH,134.305,134.355,131.355,132.165,6655530
2021-08-11,SMH,132.71,132.79,130.31,131.815,4258270
2021-08-12,SMH,131.135,131.145,129.34,130.375,9068392
2021-08-13,SMH,130.465,131.275,129.95,131.225,5656780
2021-08-16,SMH,130.69,131.24,129.67,130.66,4517644
2021-08-17,SMH,129.445,129.475,127.095,128.185,10177072
2021-08-18,SMH,128.075,128.9875,126.43,126.53,5631928
2021-08-19,SMH,125.52,128.36,124.675,127.64,8966670
2021-08-20,SMH,127.94,128.625,126.855,128.19,6447694
2021-08-23,SMH,129.665,132.02,129.65,131.875,9150558
2021-08-24,SMH,132.19,132.71,131.67,131.965,4813012
2021-08-25,SMH,132.42,134.43,132.42,133.4,10723960
2021-08-26,SMH,133.315,134.13,132.515,133.605,5221638
2021-08-27,SMH,133.755,136.28,133.66,136.02,6363552
2021-08-30,SMH,136.85,137.6,135.997,136.45,4993822
2021-08-31,SMH,136.795,136.795,134.365,135.415,5864464
2021-09-01,SMH,136.065,136.245,135.035,135.205,5119670
2021-09-02,SMH,135.44,136.845,135.01,135.535,3220106
2021-09-03,SMH,135.405,137.12,135.155,136.645,3617704
2021-09-07,SMH,136.845,136.9,135.555,136.365,3927362
2021-09-08,SMH,135.655,135.86,133.515,134.565,4984748
2021-09-09,SMH,134.645,135.845,134.485,135.12,4631686
2021-09-10,SMH,136.255,138.02,136.04,136.14,7345300
2021-09-13,SMH,137.25,137.495,135.415,137.16,5600966
2021-09-14,SMH,137.625,138.23,136.56,137.25,5451676
2021-09-15,SMH,137.15,137.74,136.06,137.73,4266840
2021-09-16,SMH,136.635,138.345,136.065,137.93,5166128
2021-09-17,SMH,137.5,137.5,134.98,135.5,7483640
2021-09-20,SMH,132.605,133.1,130.215,132.2,7809202
2021-09-21,SMH,133.05,133.405,131.43,132.48,4624356
2021-09-22,SMH,133.185,135.21,132.735,134.87,4947624
2021-09-23,SMH,135.74,136.955,135.035,136.565,4484190
2021-09-24,SMH,135.495,136.42,135.205,136.195,2781914
2021-09-27,SMH,134.86,136.19,133.855,135.71,4060578
2021-09-28,SMH,132.825,133.775,130.08,130.245,11220544
2021-09-29,SMH,130.33,130.85,127.885,128.28,9581768
2021-09-30,SMH,129.1,130.27,128.11,128.135,6558582
2021-10-01,SMH,128.7404,128.835,126.175,128.245,7362658
2021-10-04,SMH,127.28,127.48,124.39,124.905,9562046
2021-10-05,SMH,125.905,127.56,125.31,126.66,6784640
2021-10-06,SMH,125.195,127.19,124.835,127.045,7441852
2021-10-07,SMH,128.84,130.13,128.505,128.625,4943434
2021-10-08,SMH,129.2,129.25,127.17,127.375,4999524
2021-10-11,SMH,126.725,128.645,126.58,126.615,4422040
2021-10-12,SMH,127.36,127.64,124.805,125.335,8049402
2021-10-13,SMH,126.455,127.0175,125.825,126.405,5695528
2021-10-14,SMH,129.255,130.28,128.515,130.2,7074262
2021-10-15,SMH,131.25,131.41,130.49,131.29,5309512
2021-10-18,SMH,130.285,132.385,129.8125,132.325,4043304
2021-10-19,SMH,132.505,133.84,132.02,133.84,4631744
2021-10-20,SMH,133.49,133.955,132.775,133.25,4456900
2021-10-21,SMH,132.355,134.8325,132.235,134.77,3889550
2021-10-22,SMH,134.6,135.785,133.35,133.58,5938984
2021-10-25,SMH,134.185,135.045,133.685,134.255,3739036
2021-10-26,SMH,135.77,136.365,134.53,135.02,4962318
2021-10-27,SMH,134.24,135.48,133.65,133.88,7880914
2021-10-28,SMH,135.565,136.47,135.015,136.43,5989344
2021-10-29,SMH,135.37,136.865,135.205,136.82,4406214
2021-11-01,SMH,136.945,138.465,136.4218,138.39,4430806
2021-11-02,SMH,138.375,140,138.3,139.915,4611892
2021-11-03,SMH,140.08,141.385,139.535,141.3,6096722
2021-11-04,SMH,142.645,148.05,142.16,147.15,15122328
2021-11-05,SMH,148.34,149.87,146.985,148.3,9548544
2021-11-08,SMH,149.265,151.93,148.5825,150.97,8629994
2021-11-09,SMH,152.505,152.975,149.645,151.17,11542860
2021-11-10,SMH,148.19,150.16,145.775,146.4,10610902
2021-11-11,SMH,148.75,149.45,147.72,149.035,5640278
2021-11-12,SMH,149.52,151.155,148.615,150.55,5272182
2021-11-15,SMH,151.5525,151.5525,148.835,150.35,5636916
2021-11-16,SMH,149.945,152.53,149.39,152.3,4880342
2021-11-17,SMH,152.35,152.73,150.825,151.395,5819198
2021-11-18,SMH,154.91,155.82,153.565,155.12,7604440
2021-11-19,SMH,154.815,157.035,154.4388,156.1,6666182
2021-11-22,SMH,156.795,159.41,153.64,153.745,10941090
2021-11-23,SMH,152.935,154.32,149.985,152.63,10522354
2021-11-24,SMH,151.17,154.25,149.735,154.17,7165204
2021-11-26,SMH,151.315,152.715,148.945,149.7,6732680
2021-11-29,SMH,152.255,155.87,151.535,155.71,9032744
2021-11-30,SMH,155.065,156.385,151.3025,152.45,13931408
2021-12-01,SMH,155.325,157.785,151.78,151.91,14237264
2021-12-02,SMH,150.251,153.585,149.57,152.305,12560070
2021-12-03,SMH,153.375,154.72,148.77,150.575,13547548
2021-12-06,SMH,149.785,150.695,145.255,150,10211928
2021-12-07,SMH,153.5,157.7075,153.5,157.275,11288902
2021-12-08,SMH,156.415,156.915,155,156.595,7148452
2021-12-09,SMH,155.55,157.105,152.6675,152.805,6494388
2021-12-10,SMH,155.56,155.875,152.195,153.775,7072730
2021-12-13,SMH,154.315,154.47,149.545,149.785,7499666
2021-12-14,SMH,147.865,149.74,146.815,148.92,8492168
2021-12-15,SMH,149.08,155.19,147.8,155.08,10836802
2021-12-16,SMH,155.84,156.175,147.56,148.34,14412322
2021-12-17,SMH,147.03,150.025,146.66,147.645,11279234
2021-12-20,SMH,144.95,146.745,144.07,145.755,11102030
2021-12-21,SMH,148.855,151.16,146.815,151.02,9070928
2021-12-22,SMH,150.025,152.82,149.715,152.815,5102960
2021-12-23,SMH,153.235,155.19,153.065,154.13,4795644
2021-12-27,SMH,154.655,158.3375,154.54,158.28,6443456
2021-12-28,SMH,158.915,158.96,155.945,156.72,5077778
2021-12-29,SMH,156.545,157.775,155.74,156.695,6252326
2021-12-30,SMH,156.53,157.005,154.635,154.915,5910694
2021-12-31,SMH,155.01,156.02,154.355,154.395,2929872
2022-01-03,SMH,155.65,157.85,155.22,157.8,7155196
2022-01-04,SMH,158.5,159.345,153.59,156.98,11485510
2022-01-05,SMH,155.755,156.94,151.505,151.595,16288398
2022-01-06,SMH,151.47,153.7575,149.885,153.1,13102394
2022-01-07,SMH,152.81,153.306,148.095,148.445,13858846
2022-01-10,SMH,146.5,148.875,143.865,148.635,14787890
2022-01-11,SMH,148.235,151.79,147.085,151.635,9940172
2022-01-12,SMH,152.915,154.195,151.32,152.93,11784508
2022-01-13,SMH,156,157.41,149.845,150.27,16958554
2022-01-14,SMH,149.24,153.695,148.94,153.455,11727272
2022-01-18,SMH,150.855,150.9,146.3,146.59,12516500
2022-01-19,SMH,147.95,148.845,142.445,142.54,17538948
2022-01-20,SMH,143.715,144.785,138.165,138.175,16708752
2022-01-21,SMH,137.5,141,135.755,135.875,26521866
2022-01-24,SMH,133.1,137.695,128.62,137.615,25145510
2022-01-25,SMH,133.72,135.37,131.43,132.165,16935304
2022-01-26,SMH,136.225,139.445,131.95,134.07,20527300
2022-01-27,SMH,135.415,135.695,127.97,128.345,22095942
2022-01-28,SMH,128.205,131.035,124.68,130.845,21911400
2022-01-31,SMH,131.73,137.7,130.97,137.7,14468818
2022-02-01,SMH,138.645,138.75,135.105,138.29,11685468
2022-02-02,SMH,141.33,142.02,139,141.82,11819470
2022-02-03,SMH,138.32,140.275,135,135.53,16690676
2022-02-04,SMH,134.97,137.43,133.24,136.265,9879192
2022-02-07,SMH,136.885,138.465,135.835,136.48,10319748
2022-02-08,SMH,135.59,139.695,135.27,139.275,10124730
2022-02-09,SMH,141.395,144.1527,139.605,144.125,20297298
2022-02-10,SMH,140.9321,145.1764,139.15,139.81,16619528
2022-02-11,SMH,140,141.0075,131.79,132.625,23369824
2022-02-14,SMH,133.07,135.33,130.88,132.535,15577514
2022-02-15,SMH,135.505,139.905,135.085,139.7425,12811954
2022-02-16,SMH,137.985,140.09,136.615,139.715,10021054
2022-02-17,SMH,137.98,138.155,134,134.115,15832920
2022-02-18,SMH,134.565,134.805,130.85,132.625,17236446
2022-02-22,SMH,131.145,134.845,129.77,131.715,17874714
2022-02-23,SMH,133.875,134.89,128.6,128.955,15235758
2022-02-24,SMH,123.965,133.4,123.38,133.38,21510110
2022-02-25,SMH,133.265,135.285,131.41,135.24,17730994
2022-02-28,SMH,133.23,135.43,131.49,134.075,17840222
2022-03-01,SMH,133.615,134.53,128.56,129.845,16570968
2022-03-02,SMH,130.815,134.81,130.488,134.095,16573532
2022-03-03,SMH,134.515,134.565,130.395,131.205,16515254
2022-03-04,SMH,129.775,130.78,126.15,127.675,16157950
2022-03-07,SMH,127.855,128.775,121.255,121.32,17728520
2022-03-08,SMH,121.51,127.59,119.825,123.15,25880766
2022-03-09,SMH,127.44,129.35,125.825,128.5,13344784
2022-03-10,SMH,126.115,126.3,123.35,125.72,14997820
2022-03-11,SMH,127.595,127.84,122.78,122.895,14765150
2022-03-14,SMH,122.775,123.42,118.66,119.345,23371360
2022-03-15,SMH,120.46,124.68,119.565,124.345,20833752
2022-03-16,SMH,126.59,130.93,125.43,130.93,23147480
2022-03-17,SMH,129.635,131.75,128.56,131.75,13429258
2022-03-18,SMH,130.635,135.015,130.14,134.595,16140452
2022-03-21,SMH,134.21,135.285,131.915,134.28,13897106
2022-03-22,SMH,134.295,136.695,133.965,135.205,11647258
2022-03-23,SMH,133.9,135.58,131.745,131.825,15410946
2022-03-24,SMH,133.405,138.26,132.6,138.24,16911530
2022-03-25,SMH,138.05,138.25,135.445,137.665,11025950
2022-03-28,SMH,136.66,138.73,135.035,138.665,13225150
2022-03-29,SMH,141.215,142.21,139.16,141.8,14346016
2022-03-30,SMH,140.98,141.33,136.905,137.685,14507870
2022-03-31,SMH,137.375,138.375,134.57,134.895,15526604
2022-04-01,SMH,135.395,135.885,130.795,132.71,15469994
2022-04-04,SMH,133.04,135.085,132.615,134.9,11604484
2022-04-05,SMH,133.965,134.045,128.71,129.08,22220320
2022-04-06,SMH,126.38,128.45,124.975,126.41,22542744
2022-04-07,SMH,125.855,127.615,124.055,126.43,15147020
2022-04-08,SMH,125.72,125.72,123.21,123.425,13650922
2022-04-11,SMH,121.63,122.345,120.47,120.65,15627808
2022-04-12,SMH,123.065,124.055,119.605,120,21096810
2022-04-13,SMH,121.15,123.855,120.39,122.85,16482890
2022-04-14,SMH,123.485,123.61,119.075,119.11,15282074
2022-04-18,SMH,118.61,122.17,118.545,121.15,14242974
2022-04-19,SMH,120.465,123.885,119.96,123.73,13227872
2022-04-20,SMH,125.785,126.635,123.08,123.505,13034518
2022-04-21,SMH,125.02,126.375,119.59,120.12,18008966
2022-04-22,SMH,119.98,120.715,117.27,117.365,14250910
2022-04-25,SMH,116.58,119.4,116.2,119.395,19083130
2022-04-26,SMH,118.16,118.295,114.305,114.305,18289042
2022-04-27,SMH,112.98,116.4832,112.9,113.755,14756400
2022-04-28,SMH,116.205,121.335,114.835,120.25,19096916
2022-04-29,SMH,117.965,120.595,114.715,114.925,14487858
2022-05-02,SMH,114.945,118.355,113.865,118.27,16399270
2022-05-03,SMH,117.86,120.005,117.055,119.24,10625340
2022-05-04,SMH,119.995,123.595,116.225,123.33,20898448
2022-05-05,SMH,121.27,121.395,115.8775,117.54,15564104
2022-05-06,SMH,116.545,118.915,114.21,116.335,19808446
2022-05-09,SMH,113.815,115.09,109.95,110.445,18250888
2022-05-10,SMH,113.81,115.13,110.735,113.3,19597750
2022-05-11,SMH,112.2,114.85,109.635,109.825,18200422
2022-05-12,SMH,108.63,111.44,107.6125,110.345,15976848
2022-05-13,SMH,112.605,116.85,111.89,116.13,13530916
2022-05-16,SMH,115.02,116.015,113.76,114.255,10146156
2022-05-17,SMH,117.375,119.98,116.825,119.72,10557080
2022-05-18,SMH,117.75,119.18,113.475,114,10887638
2022-05-19,SMH,113.235,116.76,112.935,114.03,13706536
2022-05-20,SMH,116.02,116.26,109.38,114.085,18009754
2022-05-23,SMH,113.65,115.295,112.82,115,8604182
2022-05-24,SMH,113.11,113.5,110.915,111.965,12751574
2022-05-25,SMH,111.485,115.115,111.325,114.295,10999462
2022-05-26,SMH,113.19,118.565,112.735,118.115,8707526
2022-05-27,SMH,120.05,122.9975,119.9722,122.8,9288342
2022-05-31,SMH,122.56,123.295,120.365,122.29,10122268
2022-06-01,SMH,122.855,123.48,118.805,120.28,9778766
2022-06-02,SMH,120.155,124.56,119.715,124.53,8733280
2022-06-03,SMH,121.815,122.385,120.19,120.86,7802130
2022-06-06,SMH,122.86,123.725,120.265,120.96,8430788
2022-06-07,SMH,119.44,122.185,118.58,121.925,5774390
2022-06-08,SMH,121.365,121.85,118.63,119.385,8183892
2022-06-09,SMH,118.58,120.36,116.135,116.21,9877162
2022-06-10,SMH,114.045,115.025,111.71,111.91,11145342
2022-06-13,SMH,107.87,109.085,105.33,105.69,13311062
2022-06-14,SMH,106.905,107.365,105.1575,106.465,9095368
2022-06-15,SMH,107.76,110.22,105.93,108.415,11026606
2022-06-16,SMH,105.08,105.295,100.99,101.99,16871542
2022-06-17,SMH,102.5,103.6,100.53,102.825,14288910
2022-06-21,SMH,104.88,107.155,104.865,105.74,10006156
2022-06-22,SMH,103.7,106,103.535,104.25,7195554
2022-06-23,SMH,104.77,104.885,102.21,103.71,8493258
2022-06-24,SMH,105.43,108.13,105.025,108.08,12663212
2022-06-27,SMH,109.09,109.25,106.965,107.72,5422520
2022-06-28,SMH,108.19,109.405,104.99,105.005,8944684
2022-06-29,SMH,104.065,104.325,102.02,103.155,7706786
2022-06-30,SMH,101.54,103.6,100.11,101.865,9802102
2022-07-01,SMH,100.1,100.415,96.81,97.995,12926302
2022-07-05,SMH,95.5,98.525,94.97,98.51,14544902
2022-07-06,SMH,98.485,100.245,97.54,99.18,6654768
2022-07-07,SMH,101.5325,104.1995,101.51,103.76,9013424
2022-07-08,SMH,102.22,104.95,102,104.32,5470002
2022-07-11,SMH,102.72,103.2,101.24,101.82,5457748
2022-07-12,SMH,102.83,103.43,101.205,101.78,5470604
2022-07-13,SMH,99.845,103.375,99.695,102.585,7035654
2022-07-14,SMH,102.28,105.18,100.775,104.75,6802552
2022-07-15,SMH,106.255,107.4287,104.84,107.395,7738206
2022-07-18,SMH,108.955,109.495,106.06,106.6,8425028
2022-07-19,SMH,108.405,111.86,108.19,111.47,9005174
2022-07-20,SMH,111.105,114.4899,110.4475,114.095,10183416
2022-07-21,SMH,114.58,116.07,113.14,116.01,8359634
2022-07-22,SMH,115.62,115.8,112.55,113.385,11208960
2022-07-25,SMH,112.67,112.95,111.135,112.685,6005284
2022-07-26,SMH,112.355,112.72,110.65,110.985,4261266
2022-07-27,SMH,112.75,116.935,112.71,116.18,9976694
2022-07-28,SMH,116.42,117.785,114.005,117.6,6426434
2022-07-29,SMH,116.37,118.9235,115.765,118.58,6415846
2022-08-01,SMH,117.5,119.9075,116.825,118.82,6570186
2022-08-02,SMH,117.47,120.355,116.99,118.575,6815694
2022-08-03,SMH,118.455,121.7799,118.21,121.41,7424422
2022-08-04,SMH,121.29,122.87,120.92,122.645,5658702
2022-08-05,SMH,120.7,122.77,120.055,121.81,5279892
2022-08-08,SMH,120.275,121.325,118.03,119.705,8430518
2022-08-09,SMH,117.13,117.2053,113.365,114.695,13725920
2022-08-10,SMH,117.73,119.405,116.25,119.34,8435180
2022-08-11,SMH,120.175,122.495,119.06,119.315,8788904
2022-08-12,SMH,119.995,122.8575,119.6,122.685,5824954
2022-08-15,SMH,121.945,123.53,121.395,123.24,4506188
2022-08-16,SMH,122.6,122.955,120.53,121.85,4302216
2022-08-17,SMH,120.145,120.265,117.7,119.235,6676082
2022-08-18,SMH,119.115,121.7,118.7001,120.9,5241644
2022-08-19,SMH,119.36,119.785,117.1,117.495,6864340
2022-08-22,SMH,115.2,115.625,112.98,113.4,6987538
2022-08-23,SMH,113.4,115.54,113.365,114.135,4517204
2022-08-24,SMH,113.91,114.515,112.8551,114.06,4493408
2022-08-25,SMH,114.27,117.9,114.245,117.89,5456772
2022-08-26,SMH,117.635,117.795,111.315,111.335,9142564
2022-08-29,SMH,110.45,111.46,109.16,109.27,9062348
2022-08-30,SMH,110.38,110.52,106.875,108.02,8744918
2022-08-31,SMH,108.68,108.88,106.37,107.285,7843276
2022-09-01,SMH,104.52,105.095,102.08,104.94,13796414
2022-09-02,SMH,106.27,107.285,103.465,103.91,6884594
2022-09-06,SMH,103.92,104.5148,102.09,102.75,7472206
2022-09-07,SMH,102.98,105.18,102.245,104.39,7927362
2022-09-08,SMH,103.39,106.215,102.65,105.805,7830374
2022-09-09,SMH,107.335,108.74,107.14,108.43,8128292
2022-09-12,SMH,108.875,109.415,107.66,108.7,7184862
2022-09-13,SMH,104.91,105.765,101.945,102.23,9622090
2022-09-14,SMH,103.13,104.007,101.985,103.34,10439102
2022-09-15,SMH,102.745,103.66,100.785,101.5,9906240
2022-09-16,SMH,100.5,102.0625,99.705,101.955,8689942
2022-09-19,SMH,100.65,102.91,100.56,102.625,6698194
2022-09-20,SMH,101.6,102.125,100.58,101.205,5462776
2022-09-21,SMH,101.465,104.685,100.335,100.36,11149350
2022-09-22,SMH,99.845,100.05,97.245,97.58,11633348
2022-09-23,SMH,96.485,96.84,94.735,96.185,8751968
2022-09-26,SMH,96.2,97.445,94.9,95.065,5982778
2022-09-27,SMH,96.55,97.355,94.445,95.785,8243828
2022-09-28,SMH,94.86,97.435,94.505,97.005,9941320
2022-09-29,SMH,95.19,95.435,92.7,93.95,10499980
2022-09-30,SMH,92.83,95.31,92.555,92.56,6782542
2022-10-03,SMH,93.635,96.83,93.055,95.88,8538904
2022-10-04,SMH,98.82,100.305,98.5,99.98,10874206
2022-10-05,SMH,98.52,101.725,97.655,100.97,6730948
2022-10-06,SMH,100.67,102.355,99.98,100.28,8594750
2022-10-07,SMH,97.33,97.605,93.905,94.3,12253506
2022-10-10,SMH,94.135,94.195,90.05,91.15,13134618
2022-10-11,SMH,89.445,90.035,87.0925,88.275,16052568
2022-10-12,SMH,88.285,88.79,87.35,87.745,7606072
2022-10-13,SMH,84.37,92.095,83.485,90.43,21406366
2022-10-14,SMH,91.295,91.515,86.395,86.575,9984966
2022-10-17,SMH,88.845,89.74,87.91,88.625,8269638
2022-10-18,SMH,91.235,91.835,87.275,88.645,9798466
2022-10-19,SMH,88.19,90.17,87.775,89.36,8535872
2022-10-20,SMH,90.095,92.7,89.525,90.07,10876984
2022-10-21,SMH,89.67,93.315,89.275,93.175,12884058
2022-10-24,SMH,92.9,93.85,91.115,93.47,9834686
2022-10-25,SMH,93.58,95.625,93.535,94.95,13488890
2022-10-26,SMH,93.375,96.18,92.78,94.02,9898272
2022-10-27,SMH,95.205,95.985,92.725,92.845,10174652
2022-10-28,SMH,93.07,96.5325,92.905,96.39,9214950
2022-10-31,SMH,95.6,95.835,94.095,94.61,5975842
2022-11-01,SMH,96.65,96.875,94.845,95.265,4670036
2022-11-02,SMH,95.995,97.71,92.49,92.535,11903846
2022-11-03,SMH,91.13,93.05,90.195,91.45,11461258
2022-11-04,SMH,94.86,95.78,93.385,95.7,8471092
2022-11-07,SMH,96.26,97.855,95.2025,97.59,10213838
2022-11-08,SMH,99.395,100.835,97.8,99.695,12147000
2022-11-09,SMH,98.37,98.695,96.83,96.985,8639930
2022-11-10,SMH,102.635,107.085,101.7175,106.895,17078044
2022-11-11,SMH,107.255,110.91,106.45,110.4,12646464
2022-11-14,SMH,109.925,111.3,109.155,109.355,12231920
2022-11-15,SMH,114.26,114.639,111.375,112.8,11456548
2022-11-16,SMH,110.38,110.64,108.106,108.74,10710958
2022-11-17,SMH,106.605,110.075,106.38,109.56,9019762
2022-11-18,SMH,111.345,111.35,108.425,109.76,8025470
2022-11-21,SMH,108.35,108.67,107.38,107.84,5071636
2022-11-22,SMH,108.735,110.975,107.81,110.975,8283702
2022-11-23,SMH,110.955,113.04,110.79,111.94,5779932
2022-11-25,SMH,111.325,111.76,110.625,110.625,2207350
2022-11-28,SMH,109.245,110.58,107.415,108.015,7853686
2022-11-29,SMH,108.425,108.915,106.96,107.72,4908890
2022-11-30,SMH,108.065,113.87,107.215,113.865,12688248
2022-12-01,SMH,114.59,114.925,111.89,113.5,8752324
2022-12-02,SMH,110.7,112.325,110.125,111.94,8204276
2022-12-05,SMH,111.455,112.165,109.61,110.605,7068978
2022-12-06,SMH,110.51,110.605,107.275,108.18,6089920
2022-12-07,SMH,107.225,108.77,107.13,108.155,5651762
2022-12-08,SMH,108.57,111.165,107.94,110.91,7260014
2022-12-09,SMH,110.595,112.02,109.73,110.02,4938368
2022-12-12,SMH,109.385,112.045,109.0601,111.98,6827672
2022-12-13,SMH,117.02,117.295,112.42,113.845,9469980
2022-12-14,SMH,113.525,114.855,110.78,111.885,7518964
2022-12-15,SMH,109.98,110.29,107.295,107.625,8841994
2022-12-16,SMH,107.15,108.095,105.84,106.79,8276248
2022-12-19,SMH,105.585,105.77,103.44,104.34,7226902
2022-12-20,SMH,103.175,104.67,103,103.83,4510092
2022-12-21,SMH,104.48,106.46,104.21,106.15,5675506
2022-12-22,SMH,103.9925,103.9925,99.725,101.75,9552326
2022-12-23,SMH,101.035,101.855,99.965,101.74,3876262
2022-12-27,SMH,101.035,101.17,99.66,99.92,4636158
2022-12-28,SMH,99.475,100.555,98.2675,98.65,5064044
2022-12-29,SMH,100.215,102.2,99.87,101.87,8302008
2022-12-30,SMH,100.35,101.605,99.572,101.47,4410996
2023-01-03,SMH,103.29,103.385,100.05,100.69,4472474
2023-01-04,SMH,102.55,103.8,101.335,103.25,10039868
2023-01-05,SMH,102.005,102.865,101.3375,101.4,5936418
2023-01-06,SMH,103.075,106.4549,101.43,105.835,7005844
2023-01-09,SMH,107.79,110.36,107.225,108.14,11422664
2023-01-10,SMH,107.76,109.55,107.365,109.545,5463946
2023-01-11,SMH,109.4225,110.83,108.6,110.83,5737052
2023-01-12,SMH,111.74,113.23,109.4475,112.49,7704844
2023-01-13,SMH,111.285,112.955,110.91,112.895,4264468
2023-01-17,SMH,112.615,114.325,112.45,113.565,5059216
2023-01-18,SMH,114.58,115.525,112.7975,112.855,9374614
2023-01-19,SMH,111.79,112.135,109.86,110.095,9283094
2023-01-20,SMH,111.125,113.685,110.385,113.675,5709700
2023-01-23,SMH,114.5,119.35,114.345,119.035,12789906
2023-01-24,SMH,117.45,119.125,117.45,118.19,7328630
2023-01-25,SMH,116.16,118.57,115.14,118.31,6854082
2023-01-26,SMH,119.85,120.52,117.955,120.43,7196364
2023-01-27,SMH,118.445,120.595,117.955,119.64,7254526
2023-01-30,SMH,117.89,118.87,116.675,116.775,8049958
2023-01-31,SMH,116.45,118.5575,116.095,118.55,5484094
2023-02-01,SMH,119.175,125.31,118.875,124.14,15518598
2023-02-02,SMH,125.535,127.82,124.805,126.7925,12985842
2023-02-03,SMH,124.125,127.15,123.73,124.465,7489646
2023-02-06,SMH,122.475,124.1,121.88,122.395,7811358
2023-02-07,SMH,122.775,126.635,122.5,126.07,10309114
2023-02-08,SMH,125.505,126.345,123.305,123.6,7844728
2023-02-09,SMH,125.84,127.2975,123.175,124.09,8767106
2023-02-10,SMH,122.685,123.125,120.775,122.005,7529836
2023-02-13,SMH,122.53,124.165,121.635,123.84,4030360
2023-02-14,SMH,123,126.885,122.29,126.505,9481956
2023-02-15,SMH,124.84,126.57,123.775,126.5,7125120
2023-02-16,SMH,123.89,125.03,122.9,123.065,5418086
2023-02-17,SMH,122.2,122.58,120.3,121.385,7574898
2023-02-21,SMH,119.505,120.775,117.565,117.695,7695880
2023-02-22,SMH,117.915,118.855,116.545,117.12,6987618
2023-02-23,SMH,121.13,121.855,119.155,121.27,11583204
2023-02-24,SMH,118.85,119.69,118.215,119.105,6208188
2023-02-27,SMH,120.995,121.165,119.555,119.64,5851976
2023-02-28,SMH,119.3,121.295,119.095,119.7,4770542
2023-03-01,SMH,120.22,121.275,119.325,119.78,4725784
2023-03-02,SMH,118.18,121.365,117.345,120.84,6530442
2023-03-03,SMH,120.85,122.59,119.92,122.48,5385168
2023-03-06,SMH,122.82,123.915,121.14,121.39,6485374
2023-03-07,SMH,121.445,122,119.53,120.035,6616626
2023-03-08,SMH,120.66,123.27,120.41,123.175,8112884
2023-03-09,SMH,122.96,124.78,120.57,120.815,8222930
2023-03-10,SMH,121.235,121.925,118.26,118.86,13168186
2023-03-13,SMH,117.36,120.25,116.39,118.78,9831434
2023-03-14,SMH,120.7,122.995,120.485,122.335,11314508
2023-03-15,SMH,120.5,121.25,118.535,120.96,12602294
2023-03-16,SMH,120.27,125.985,119.89,125.8,14746404
2023-03-17,SMH,125.945,127.09,124.625,125.16,9868572
2023-03-20,SMH,125.5,126.79,124.35,126.42,6521364
2023-03-21,SMH,127.44,128.685,124.8,126.82,11118200
2023-03-22,SMH,127.01,130.44,126.005,126.005,8938034
2023-03-23,SMH,128.415,130.96,127.31,129.355,10950910
2023-03-24,SMH,128.595,128.81,126.005,127.31,11042914
2023-03-27,SMH,127.64,128,125.4375,125.825,7025660
2023-03-28,SMH,125.33,125.5625,123.216,124.95,7771404
2023-03-29,SMH,126.82,129.565,126.82,128.84,9979202
2023-03-30,SMH,130.165,131.52,129.791,130.685,7807068
2023-03-31,SMH,129.69,131.785,129.43,131.595,7281628
2023-04-03,SMH,130.925,131.415,129.305,130.845,8036492
2023-04-04,SMH,131.11,131.265,128.205,128.835,8057632
2023-04-05,SMH,127.515,127.7211,125.215,126.58,10065976
2023-04-06,SMH,125.32,127.02,124.64,126.2,7448080
2023-04-10,SMH,125.0475,128.18,124.845,128.11,5991296
2023-04-11,SMH,128.575,128.76,127.24,127.43,6288960
2023-04-12,SMH,128.53,128.76,125.065,125.165,7748904
2023-04-13,SMH,125.5,126.89,124.59,126.175,5760774
2023-04-14,SMH,126.105,127.48,124.6614,126.04,4901284
2023-04-17,SMH,124.9,125.99,124.325,125.95,5297078
2023-04-18,SMH,127.095,127.91,125.56,126.515,5703642
2023-04-19,SMH,124.78,125.53,124.5001,125.315,5013022
2023-04-20,SMH,124.5,127.275,124.405,125.455,5879700
2023-04-21,SMH,124.59,125.32,123.285,124.17,5202358
2023-04-24,SMH,123.9,124.68,122.715,123.505,4489098
2023-04-25,SMH,122.53,122.545,119.535,119.59,10464576
2023-04-26,SMH,120.805,121.615,119.845,120.425,7695312
2023-04-27,SMH,120.56,121.76,118.57,121.59,6814222
2023-04-28,SMH,122.25,123.625,121.78,123.625,7553466
2023-05-01,SMH,123.985,124.96,123.665,124.57,5202088
2023-05-02,SMH,124.53,125.18,122.5,123.49,6717686
2023-05-03,SMH,122.85,124.3,122.075,122.215,8223032
2023-05-04,SMH,121.645,122.8175,120.935,121.805,5889236
2023-05-05,SMH,122.16,124.97,121.59,124.38,5553204
2023-05-08,SMH,123.98,125.15,123.37,125.07,3918938
2023-05-09,SMH,123.59,123.77,122.74,123.14,4951653
2023-05-10,SMH,124.44,125.04,122.97,124.14,5474872
2023-05-11,SMH,123.79,124.03,121.89,123.04,5339534
2023-05-12,SMH,123.47,123.8878,121.81,122.9,3364892
2023-05-15,SMH,123.08,126.12,122.845,126.12,6192761
2023-05-16,SMH,125.71,127.42,125.71,126.09,5126398
2023-05-17,SMH,127.29,129.94,126.8,129.5,6322773
2023-05-18,SMH,130.1,134.31,130.1,134.04,9632610
2023-05-19,SMH,133.77,133.93,132.58,133.3,5312965
2023-05-22,SMH,132.15,133.61,131.97,133.19,4235142
2023-05-23,SMH,132.41,133.04,131.08,131.27,4853834
2023-05-24,SMH,128.73,129.645,127.95,129.34,7897087
2023-05-25,SMH,137.93,141.14,136.28,140.46,16072916
2023-05-26,SMH,141.79,148.33,141.78,147.36,12978761
2023-05-30,SMH,150.65,151.71,147.5,148.07,13295426
2023-05-31,SMH,145.74,147.34,144.08,144.33,10728721
2023-06-01,SMH,144.86,147.79,143.8,146.5,7272666
2023-06-02,SMH,147.89,148.1801,145.29,146.14,6765033
2023-06-05,SMH,145.28,145.75,143.595,144.31,6727936
2023-06-06,SMH,143.5,146.1701,142.98,145.33,5815057
2023-06-07,SMH,146.44,148.17,144.16,144.5,8687507
2023-06-08,SMH,144.64,146.575,144.33,146.17,5377204
2023-06-09,SMH,147.93,149.14,146.14,146.84,5960253
2023-06-12,SMH,148.51,151.45,148.4,151.18,7634040
2023-06-13,SMH,153.73,154.35,151.4,153.27,8274603
2023-06-14,SMH,152.81,155.74,152.03,155.6,7123411
2023-06-15,SMH,154.03,155.75,153.32,154.48,7587956
2023-06-16,SMH,155.8,155.94,153.17,153.38,6583153
2023-06-20,SMH,152.75,153.94,151.13,152.84,4597998
2023-06-21,SMH,152.04,152.47,148.73,149.34,5911651
2023-06-22,SMH,148.15,150.67,147.95,150.08,5959109
2023-06-23,SMH,147.75,148.45,146.96,147.53,5963465
2023-06-26,SMH,148.28,150.36,146.83,146.85,7403860
2023-06-27,SMH,147.43,151.8,146.96,151.51,6459360
2023-06-28,SMH,148.915,151.535,148.795,150.14,6800173
2023-06-29,SMH,150.82,150.96,148.91,149.92,4225874
2023-06-30,SMH,151.75,152.96,151.02,152.25,5309236
2023-07-03,SMH,153.17,154.07,152.25,153.6,2826855
2023-07-05,SMH,152.25,153.16,150.66,150.7,5187452
2023-07-06,SMH,148.34,149.08,147.155,148.91,4775622
2023-07-07,SMH,149.03,151.24,148.65,149.05,4351861
2023-07-10,SMH,149.58,151.41,149.35,151.16,6415512
2023-07-11,SMH,152.18,152.19,149.42,151.32,5153489
2023-07-12,SMH,153.53,154.68,152.9,154.5,6484145
2023-07-13,SMH,156.39,158.47,155.85,158.21,6395932
2023-07-14,SMH,158.69,160.7,156.2,156.9,7565581
2023-07-17,SMH,157.23,160.445,155.7,159.82,7316071
2023-07-18,SMH,159.12,160.79,157.62,160.26,6272862
2023-07-19,SMH,160.43,160.51,158.06,158.58,9333684
2023-07-20,SMH,155.64,156.41,152.29,152.97,14823249
2023-07-21,SMH,154.49,155.27,153.01,153.79,8246283
2023-07-24,SMH,153.99,154.54,152.9,153.92,4362531
2023-07-25,SMH,154.46,157.35,154.46,156.39,5773695
2023-07-26,SMH,155.02,155.88,152.95,154.68,6110042
2023-07-27,SMH,158.65,160.92,156.67,157.46,10244017
2023-07-28,SMH,160.16,161.04,158.83,160.5,7321149
2023-07-31,SMH,160.7,161.17,159.67,160.62,3934305
2023-08-01,SMH,159.67,160.89,158.95,160.53,4596966
2023-08-02,SMH,158.77,158.79,153.46,154.64,10039844
2023-08-03,SMH,152.48,155.19,152.16,154.19,6695690
2023-08-04,SMH,154.22,156.54,152.75,154.25,6804363
2023-08-07,SMH,155.5,156.14,154.37,155.91,5701417
2023-08-08,SMH,153.9,153.9,151.53,153.34,8446539
2023-08-09,SMH,153.17,153.32,149.73,150.3,8827135
2023-08-10,SMH,151.14,153.1589,148.9,149.97,8639308
2023-08-11,SMH,148.01,148.12,146.04,146.21,11182270
2023-08-14,SMH,145.45,150.73,145.02,150.66,8154245
2023-08-15,SMH,150.55,151.09,148.645,148.85,7596608
2023-08-16,SMH,148.97,149.14,146.41,146.5,7232226
2023-08-17,SMH,147.77,147.8,145.03,145.51,7397207
2023-08-18,SMH,143.79,146.66,143.35,146.13,8817884
2023-08-21,SMH,147.18,151.235,146.96,151.04,8109155
2023-08-22,SMH,153.05,153.24,148.89,149.53,10829385
2023-08-23,SMH,149.35,153.22,148.86,152.77,8347747
2023-08-24,SMH,156.46,156.59,148.58,148.82,13494374
2023-08-25,SMH,148.61,150.75,146.27,149.09,11769072
2023-08-28,SMH,150.36,151.09,148.9,150.93,6822854
2023-08-29,SMH,150.36,155.3,149.93,154.8,8770007
2023-08-30,SMH,154.73,156.22,153.67,155.59,6526073
2023-08-31,SMH,154.85,157.155,154.85,156.22,5965377
2023-09-01,SMH,157.43,157.63,155.26,156.21,4495608
2023-09-05,SMH,155.63,157.62,155.08,156.58,5472909
2023-09-06,SMH,156.01,156.8,153.26,154.76,6104023
2023-09-07,SMH,151.23,151.73,149.45,151.33,7813267
2023-09-08,SMH,150.94,152.17,149.75,150.38,5305601
2023-09-11,SMH,152.19,152.19,148.5,150.49,5824090
2023-09-12,SMH,149.41,151.65,149.16,149.36,6174909
2023-09-13,SMH,149.31,151.83,149.04,150.57,6192028
2023-09-14,SMH,152.09,152.16,150.17,151.39,6951519
2023-09-15,SMH,150.23,150.54,146.17,146.81,10179601
2023-09-18,SMH,145.43,147.82,144.97,147.3,6786028
2023-09-19,SMH,146.75,146.99,145.07,146.03,5574192
2023-09-20,SMH,146.65,147.24,143.55,143.63,6978687
2023-09-21,SMH,141.575,142.57,140.69,140.76,9908709
2023-09-22,SMH,142.13,143.4,141.55,141.96,7332573
2023-09-25,SMH,141.31,143.11,140.66,142.96,7861256
2023-09-26,SMH,141.64,142.39,140.105,140.7,6702163
2023-09-27,SMH,141.85,142.92,139.76,141.99,8814511
2023-09-28,SMH,141.73,145.65,141.08,144.29,10791684
2023-09-29,SMH,146.53,146.93,144.46,144.98,7985312
2023-10-02,SMH,145.27,147.27,144.59,146.23,8600185
2023-10-03,SMH,145.29,146.86,142.16,142.98,9456637
2023-10-04,SMH,143.85,145.48,142.96,145.21,11083025
2023-10-05,SMH,145.29,145.9,143.67,145.21,6094048
2023-10-06,SMH,144.64,148.945,143.53,148.35,9946009
2023-10-09,SMH,146.79,148.455,145.64,147.97,6840462
2023-10-10,SMH,148.5,150.975,147.83,149.8,6790629
2023-10-11,SMH,150.64,151.44,149.49,151.42,8921736
2023-10-12,SMH,151.84,154.06,150.72,152.19,8554914
2023-10-13,SMH,152.42,152.6325,148.05,148.38,9134436
2023-10-16,SMH,148.55,150.685,148.42,150.09,9461813
2023-10-17,SMH,146.59,149.47,144.47,148.32,12857937
2023-10-18,SMH,145.43,146.71,144.63,145.35,12530917
2023-10-19,SMH,147.25,147.67,143.88,144.36,15718224
2023-10-20,SMH,144.22,145.39,141.93,142.1,8128776
2023-10-23,SMH,141.14,144.535,139.96,142.6,9910711
2023-10-24,SMH,143,144.495,142.53,144.27,7822682
2023-10-25,SMH,142.8,143.15,138.03,138.68,12447801
2023-10-26,SMH,139.1,140.65,136.63,137.46,15094817
2023-10-27,SMH,139.04,139.73,137.67,138.31,11346308
2023-10-30,SMH,138.41,139.64,136.51,137.96,8836000
2023-10-31,SMH,137.96,139.275,136.1,138.95,7900348
2023-11-01,SMH,139.2,142.58,139.06,142.41,11750467
2023-11-02,SMH,145.62,147.035,144.29,146.1,11736175
2023-11-03,SMH,147.59,150.535,147.18,149.51,8177192
2023-11-06,SMH,149.75,150.44,148.29,149.95,5423580
2023-11-07,SMH,149.66,151.52,149.31,150.89,4600401
2023-11-08,SMH,151.37,152.11,150.44,151.43,6164967
2023-11-09,SMH,152.96,154.51,151,151.16,10529741
2023-11-10,SMH,153.25,157.67,152.69,157.28,11430671
2023-11-13,SMH,156.3,157.02,155.19,156.32,7058860
2023-11-14,SMH,159.89,161.54,159.5201,161.09,9744907
2023-11-15,SMH,162.23,162.23,160.09,161.21,9002896
2023-11-16,SMH,160.64,162.17,160.24,161.81,7281056
2023-11-17,SMH,161.18,162.96,160.88,162.57,5168196
2023-11-20,SMH,162.79,165.44,162.52,164.9,7136063
2023-11-21,SMH,163.69,163.975,161.7,162.47,9001094
2023-11-22,SMH,163.26,164.93,161.33,162.12,9141768
2023-11-24,SMH,162.24,162.45,161.34,161.76,2943544
2023-11-27,SMH,161.215,162.89,160.73,161.66,6034522
2023-11-28,SMH,160.86,161.5,159.62,160.73,6165198
2023-11-29,SMH,162.8,164.33,162.005,162.21,7642803
2023-11-30,SMH,162.84,162.84,159.25,160.48,9300945
2023-12-01,SMH,160,161.72,158.86,161.13,6115385
2023-12-04,SMH,159.2507,159.5,156.56,158.78,8136978
2023-12-05,SMH,157.52,158.95,157.065,158.78,4845947
2023-12-06,SMH,160.67,160.97,157.29,157.5,6457403
2023-12-07,SMH,158.87,161.44,158.22,161.1,8790734
2023-12-08,SMH,160.84,162.94,160.66,162.48,5683682
2023-12-11,SMH,163.53,166.99,163.29,166.38,9671558
2023-12-12,SMH,165.58,168.2,165.33,168.14,6985375
2023-12-13,SMH,168.31,171.1,167.76,170.12,8037599
2023-12-14,SMH,171.62,173.86,171.42,173.26,9446785
2023-12-15,SMH,173.89,175.8599,173.7,174.08,6902023
2023-12-18,SMH,173.56,173.87,171.97,173.34,5157326
2023-12-19,SMH,173.2,174.05,172.91,173.92,5030981
2023-12-20,SMH,172.85,173.69,169.01,169.08,8557352
2023-12-21,SMH,172.35,173.545,171.52,173.26,8184454
2023-12-22,SMH,174.1,174.41,172.41,173.28,4089165
2023-12-26,SMH,173.78,176.31,173.78,175.67,4829214
2023-12-27,SMH,176.35,176.75,175.195,175.86,5113420
2023-12-28,SMH,176.62,176.73,175.71,175.82,4033519
2023-12-29,SMH,176.02,176.38,173.67,174.87,5391625
2024-01-02,SMH,172.35,172.35,167.61,168.97,8988980
2024-01-03,SMH,166.35,167.48,165.37,165.97,9303597
2024-01-04,SMH,164.28,166.65,163.97,164.99,7095771
2024-01-05,SMH,165.48,167.57,165.1,166.08,6869797
2024-01-08,SMH,167.4,172.08,167.28,171.96,10514819
2024-01-09,SMH,170.53,173.73,169.93,172.42,6974268
2024-01-10,SMH,173.05,173.1,170.63,172.58,6329968
2024-01-11,SMH,173.27,174.53,170.19,173.56,7993737
2024-01-12,SMH,173.75,174.17,172.0617,172.95,4560988
2024-01-16,SMH,173.29,176.855,172.74,175.7,7678031
2024-01-17,SMH,174.48,174.93,171.49,174.64,6751357
2024-01-18,SMH,179.67,180.545,177.405,180.31,11983783
2024-01-19,SMH,182.39,187.31,181.42,187.18,12742362
2024-01-22,SMH,188.81,189.98,186.47,188.05,8308947
2024-01-23,SMH,188.02,189.17,186.09,189.01,6031187
2024-01-24,SMH,191.21,195.3,190.02,192.37,14706600
2024-01-25,SMH,195.8,195.9,191.25,192.37,11109397
2024-01-26,SMH,189.16,190.468,187.7,188.27,9921891
2024-01-29,SMH,188.72,190.51,187.82,190.48,8035540
2024-01-30,SMH,190.11,190.9,187.68,188.59,6340052
2024-01-31,SMH,185.73,188.71,184.15,185.87,10827142
2024-02-01,SMH,186.73,188.1,185.05,187.57,6322515
2024-02-02,SMH,188.22,191.725,187.86,191.22,7865373
2024-02-05,SMH,193.54,195.72,191.44,194.95,8600545
2024-02-06,SMH,195.85,195.89,190.12,192.74,8505107
2024-02-07,SMH,193.7,196.79,192.405,196.63,7138780
2024-02-08,SMH,197.57,200.86,196.82,199.43,8963823
2024-02-09,SMH,201.15,204.1999,199.77,203.85,7642219
2024-02-12,SMH,204.2,207.12,201.97,203.06,9718898
2024-02-13,SMH,197.17,201.56,196.29,199.3,11269582
2024-02-14,SMH,202,203.905,200.41,203.3,7932497
2024-02-15,SMH,204.6,204.74,202.01,202.62,7103363
2024-02-16,SMH,204.33,206.08,201.21,201.75,6273103
2024-02-20,SMH,200.27,200.76,194.65,197.78,11318447
2024-02-21,SMH,195.64,196.54,193.72,196.51,8648132
2024-02-22,SMH,207.18,210.6999,206.33,209.93,12445661
2024-02-23,SMH,212.03,213.36,206.97,208.62,8526178
2024-02-26,SMH,210.6,211.615,208.83,210.35,7552229
2024-02-27,SMH,211.01,211.76,208.84,209.74,4969724
2024-02-28,SMH,207.61,208.7499,206.43,207.41,4505810
2024-02-29,SMH,209.8,212.555,208.79,211.95,6450597
2024-03-01,SMH,214.12,221.32,213.98,220.54,10273258
2024-03-04,SMH,224,227.13,222.67,224.09,10905082
2024-03-05,SMH,222.36,223.23,218.29,220.66,10421010
2024-03-06,SMH,225.13,228.76,223.6758,226.35,11245445
2024-03-07,SMH,229.73,234.91,229.46,234.17,13047986
2024-03-08,SMH,236.93,239.1416,224.44,224.99,22519154
2024-03-11,SMH,222.14,223.88,219.02,220.98,12843835
2024-03-12,SMH,224.55,228.02,220.56,227.97,10410265
2024-03-13,SMH,225.87,225.87,221.15,223.46,9835835
2024-03-14,SMH,222.78,223.9893,217.4109,219.46,11440058
2024-03-15,SMH,216.94,220.3,215.93,217.84,11402014
2024-03-18,SMH,222.17,223.16,217.82,218.28,8671721
2024-03-19,SMH,215.72,218.85,212.82,217.8,10606869
2024-03-20,SMH,218.85,221.62,216.83,221.29,9158063
2024-03-21,SMH,228.58,230.05,225.81,226.31,11728038
2024-03-22,SMH,225.6,229.2547,225.22,227.64,5350234
2024-03-25,SMH,225.22,229.24,224.862,227.08,4938942
2024-03-26,SMH,228.8,229.46,224.76,224.97,6402507
2024-03-27,SMH,226.59,226.84,221.49,224.89,7614662
2024-03-28,SMH,224.31,225.94,223.74,224.99,3763264
2024-04-01,SMH,225.5,230.95,225.5,227.94,7896809
2024-04-02,SMH,224.25,225.43,222.38,225.01,5995047
2024-04-03,SMH,222.73,227.52,222.68,225.91,5914890
2024-04-04,SMH,229.1,229.81,219.64,219.89,9294036
2024-04-05,SMH,221.22,224.07,219.61,222.64,8103963
2024-04-08,SMH,224.89,225.28,222.17,223.06,4215259
2024-04-09,SMH,225.36,225.95,220.04,224.1,5376028
2024-04-10,SMH,221,224.3769,220.5,222.15,8164904
2024-04-11,SMH,223.48,227.57,221.68,227.31,7200625
2024-04-12,SMH,223.5,223.8199,219.97,220.68,8741486
2024-04-15,SMH,223.75,224.98,216.61,217.36,6750355
2024-04-16,SMH,217.33,220.36,216.4702,219.16,6754863
2024-04-17,SMH,219.51,220.12,212.07,212.4,11726419
2024-04-18,SMH,210.97,212.25,207.36,208.63,10350628
2024-04-19,SMH,206.72,208,198.44,199.21,13584568
2024-04-22,SMH,200.97,204.38,199.15,203.02,9801705
2024-04-23,SMH,204.49,208.58,203.93,207.8,7300632
2024-04-24,SMH,212.64,213.14,206.95,208.04,6564870
2024-04-25,SMH,207.09,213.68,205.75,212.2,8682207
2024-04-26,SMH,212.53,218.6803,211.94,217.64,6365428
2024-04-29,SMH,217.48,218.61,214.9,218.38,4817964
2024-04-30,SMH,217.34,219.62,214.09,214.09,4944785
2024-05-01,SMH,211.14,214.54,206.1075,207.85,12945808
2024-05-02,SMH,211.37,212.74,207.31,212.03,6382549
2024-05-03,SMH,215.92,218.36,215.15,217.73,6379116
2024-05-06,SMH,219.37,222.68,218.22,222.67,5343124
2024-05-07,SMH,222.55,223.18,220.64,220.73,5067007
2024-05-08,SMH,218.95,221.86,218.7,221.4,5404255
2024-05-09,SMH,221.49,221.77,218.89,219.98,4023276
2024-05-10,SMH,222.96,225.44,222.43,223.3,6126631
2024-05-13,SMH,224,224.545,222.32,223.26,3972377
2024-05-14,SMH,222.94,227.325,222.24,227.08,5050504
2024-05-15,SMH,229.27,234,228.53,233.9,8212767
2024-05-16,SMH,233.85,235.11,232.09,232.2,6209568
2024-05-17,SMH,233.59,233.82,228.62,230.25,5241271
2024-05-20,SMH,231.47,236.04,230.885,235,4986447
2024-05-21,SMH,232.96,234.92,231.87,234.67,4396157
2024-05-22,SMH,236.91,237.215,233.99,236.59,8112705
2024-05-23,SMH,244.15,244.56,237.79,239.82,12401014
2024-05-24,SMH,241.53,244.44,240.29,244.26,4644652
2024-05-28,SMH,247.69,250.85,245.46,249.83,7702965
2024-05-29,SMH,246.1,246.98,244.07,245.65,7581261
2024-05-30,SMH,245.49,246.13,241.08,242.27,7093060
2024-05-31,SMH,243.37,244.02,234.26,240.48,12722755
2024-06-03,SMH,245.1,245.44,239.02,243.48,6312764
2024-06-04,SMH,243.3,243.7,240.1,242.6,5796989
2024-06-05,SMH,247.53,254.53,246.71,254.41,10950352
2024-06-06,SMH,255.52,255.9162,250.245,252.41,9828172
2024-06-07,SMH,252.24,254.06,250.49,252.21,5470342
2024-06-10,SMH,251.1,256.72,250.0478,255.86,6430878
2024-06-11,SMH,255,255.89,251.85,255.48,6117786
2024-06-12,SMH,260.57,264.55,259.76,263.09,8051492
2024-06-13,SMH,266.79,268.1399,263.96,267.21,7647184
2024-06-14,SMH,265.4,268.589,264.62,267.89,6257022
2024-06-17,SMH,270.71,273.21,266.9186,272.48,7501958
2024-06-18,SMH,273.52,278.27,273.02,276.76,8241579
2024-06-20,SMH,279.22,279.57,267.08,268.92,14053815
2024-06-21,SMH,265.57,268.93,262.015,264.89,11809908
2024-06-24,SMH,261.5,263.085,255.73,255.78,10154101
2024-06-25,SMH,258.52,261.91,255.81,261.77,6743540
2024-06-26,SMH,261.61,263.07,257.75,260.91,5950295
2024-06-27,SMH,260.4,262.43,257.64,258.86,5738731
2024-06-28,SMH,260.475,266.4,258.98,260.7,7743251
2024-07-01,SMH,261,261.349,255.662,261.01,6185982
2024-07-02,SMH,258.99,263.66,258.71,263.63,4117110
2024-07-03,SMH,264.09,270.4,263.28,269.62,4633045
2024-07-05,SMH,271.22,272.05,268.05,269.72,6415237
2024-07-08,SMH,272.84,275.7047,272.55,274.21,5832663
2024-07-09,SMH,276.29,277.61,272.16,274.81,5915764
2024-07-10,SMH,278.13,281.73,276.29,281.27,6180973
2024-07-11,SMH,283,283.07,269.9999,271.02,12287006
2024-07-12,SMH,271.8,278.94,271.06,274.45,8392846
2024-07-15,SMH,276.41,277.4689,272.02,273.83,7814828
2024-07-16,SMH,275.31,275.63,270.5407,273.71,5638589
2024-07-17,SMH,263.79,264,253.85,254.22,15181903
2024-07-18,SMH,259.13,260,250.01,255.54,12807627
2024-07-19,SMH,254.86,255.21,247.79,248.14,8589500
2024-07-22,SMH,253,257.9,251.61,257.72,10757923
2024-07-23,SMH,254.98,257.37,254.335,254.86,5869857
2024-07-24,SMH,250.59,251.32,240.34,240.98,11295018
2024-07-25,SMH,239,243.64,230.82,236.56,18765116
2024-07-26,SMH,242.22,242.32,238.18,240.31,7325633
2024-07-29,SMH,242.44,245.23,237.77,238.6,6745307
2024-07-30,SMH,240.22,240.71,228.33,229.47,12932120
2024-07-31,SMH,242.5,247.69,240.51,246.99,18412093
2024-08-01,SMH,244.04,246.8,227.9004,231.01,17111645
2024-08-02,SMH,219.92,222.34,214.18,218.43,20261333
2024-08-05,SMH,200.98,218.5,200.49,213.31,18420837
2024-08-06,SMH,216.54,222.8,212.64,217.46,15388764
2024-08-07,SMH,224.69,226.1,211.01,211.47,13066499
2024-08-08,SMH,217.6,225.27,212.7,224.91,11407866
2024-08-09,SMH,224.7,226.49,221.39,224.85,7241675
2024-08-12,SMH,225.19,229.55,224.05,226.96,6751158
2024-08-13,SMH,230.545,236.3,228.87,236.19,7647449
2024-08-14,SMH,238.71,239.18,232.16,236.39,7187132
2024-08-15,SMH,240.8,247.34,239.53,246.37,8376779
2024-08-16,SMH,244.21,247.4,243,246.71,5194621
2024-08-19,SMH,245.79,251.4,243.29,251.34,5564348
2024-08-20,SMH,250.15,251.53,245.87,248.06,6578580
2024-08-21,SMH,248.6,251.87,247.865,250.63,4813708
2024-08-22,SMH,252.52,253.32,241.54,242.42,8007438
2024-08-23,SMH,245.85,250.33,244.7,248.39,6933374
2024-08-26,SMH,247.49,248.55,241.13,242.57,6925237
2024-08-27,SMH,240.67,245.75,238.57,245.01,5534390
2024-08-28,SMH,244.5,245.68,237.82,240.89,8114008
2024-08-29,SMH,240.47,244.51,236.78,237.91,9256468
2024-08-30,SMH,242.45,244.6,239.38,243.46,8623765
2024-09-03,SMH,238.87,238.87,223.81,225.19,14466252
2024-09-04,SMH,221.83,228.58,221.46,224.65,8646295
2024-09-05,SMH,222.06,227.77,221.73,224.26,6535443
2024-09-06,SMH,223.35,223.67,213.57,215,12019320
2024-09-09,SMH,218.46,220.31,215.79,219.86,7933427
2024-09-10,SMH,220.62,222.14,216.46,221.94,7651577
2024-09-11,SMH,223.79,233.7,219.4,233.4,11148303
2024-09-12,SMH,232.92,235.955,229.962,233.9,8212412
2024-09-13,SMH,235,237.55,234.22,236.91,6405793
2024-09-16,SMH,233.39,235,230.8678,233.8,5505227
2024-09-17,SMH,236.61,237.13,231.84,233.72,4722843
2024-09-18,SMH,234.89,237.84,230.79,231.06,7299791
2024-09-19,SMH,239.97,243.8525,238.31,241.09,11254192
2024-09-20,SMH,238.8,239.65,234.96,237.9,8183279
2024-09-23,SMH,238.81,239.8199,237.12,238.95,3781433
2024-09-24,SMH,241.08,244.38,238.2838,243.4,5435856
2024-09-25,SMH,243.23,247.0795,242.8,245.54,4978310
2024-09-26,SMH,255.5,255.99,247.37,252.62,10082089
2024-09-27,SMH,253.19,253.21,246.12,247.74,7128566
2024-09-30,SMH,244.15,247.01,241.87,245.45,6256911
2024-10-01,SMH,245.63,246.58,237,238.88,7751838
2024-10-02,SMH,239.17,244.45,237.59,242.32,5842606
2024-10-03,SMH,241.55,247.15,241.34,244.55,5926885
2024-10-04,SMH,249.21,249.21,244.33,247.82,5776498
2024-10-07,SMH,246.53,250.6,246.31,248.22,4958756
2024-10-08,SMH,249.16,253.17,247.88,252.52,4435348
2024-10-09,SMH,252.99,255.41,250.21,255.15,4063391
2024-10-10,SMH,252.51,255.87,250.995,254.65,4044564
2024-10-11,SMH,253.61,257.295,253.6,256.69,4202875
2024-10-14,SMH,258.52,262.26,258.42,261.28,4608583
2024-10-15,SMH,261,262.105,245.5786,247.16,14128878
2024-10-16,SMH,249.83,249.83,245.5,247.32,5692277
2024-10-17,SMH,255.175,256.17,251.5,251.58,6744992
2024-10-18,SMH,253.5,253.52,250.86,251.51,3720736
2024-10-21,SMH,251,253.05,249.49,252.84,3923395
2024-10-22,SMH,251.33,252.49,249.67,251.69,3629141
2024-10-23,SMH,250.45,251.67,245.84,249.01,4971630
2024-10-24,SMH,250.87,251.2,248.2,250.06,2595528
2024-10-25,SMH,252.49,256.55,252.3,252.96,6835930
2024-10-28,SMH,252.77,253.05,251,251.21,3557268
2024-10-29,SMH,251.9,258.33,250.86,256.92,5392840
2024-10-30,SMH,251.74,253,249.45,250.68,5348394
2024-10-31,SMH,248.27,248.27,240.28,241.68,9464712
2024-11-01,SMH,244.19,247.29,243.35,244.75,5520983
2024-11-04,SMH,245.31,247.51,243.41,244.27,5199206
2024-11-05,SMH,245.25,249.04,245.08,248.31,4344210
2024-11-06,SMH,252.29,255.69,250.21,254.81,7284403
2024-11-07,SMH,258.39,261.15,258.14,261.02,5370187
2024-11-08,SMH,260.76,261.88,257.92,259.34,3915598
2024-11-11,SMH,257.92,258.05,250.99,253.53,7667252
2024-11-12,SMH,253.1,253.57,248.86,251.86,6574034
2024-11-13,SMH,250.65,251.18,247.22,247.63,5537892
2024-11-14,SMH,249.56,250.96,247.38,248.18,4607584
2024-11-15,SMH,244.17,244.57,238.8001,239.95,9499673
2024-11-18,SMH,239.025,242.17,237.39,241.54,7707042
2024-11-19,SMH,241.1,244.27,240.6,244.18,4505181
2024-11-20,SMH,243.33,243.75,238.65,242.54,7585585
2024-11-21,SMH,245.52,248.1899,239.6,246.1,8825388
2024-11-22,SMH,245.97,246.64,243.31,244.62,4746337
2024-11-25,SMH,246.35,246.35,242.2765,243.66,4562667
2024-11-26,SMH,245.82,246.12,239.89,241.42,4996487
2024-11-27,SMH,239.66,239.8,234.17,238.25,6911612
2024-11-29,SMH,240,244.49,239.59,242.13,5607353
2024-12-02,SMH,243.35,249.15,243.35,247.87,8070277
2024-12-03,SMH,246.93,248.68,245.93,248.42,3227262
2024-12-04,SMH,252.23,253.065,249.32,252.63,5457365
2024-12-05,SMH,251.89,252.16,247.58,248.3,3872077
2024-12-06,SMH,247.88,249.4216,247.21,248.61,3885289
2024-12-09,SMH,246.22,248.96,244.93,246.07,4532551
2024-12-10,SMH,246.43,247.15,238.37,239.88,6402370
2024-12-11,SMH,243.645,247.04,241.73,245.75,5588413
2024-12-12,SMH,244.01,244.64,241.93,243.37,3979280
2024-12-13,SMH,249.52,251.63,246.05,249.49,8628587
2024-12-16,SMH,250.5,254.355,248.92,253.25,4892952
2024-12-17,SMH,250.48,251.17,248.03,249.96,4027848
2024-12-18,SMH,252.16,254.47,240.4527,241.99,8125847
2024-12-19,SMH,243,243.25,238.35,238.87,6895880
2024-12-20,SMH,237.4,245.2599,236.54,242.71,6909310
2024-12-23,SMH,243.53,249.585,243.53,249.22,6650078
2024-12-24,SMH,250.44,251.37,249.38,251.37,2097390
2024-12-26,SMH,250.42,252.39,248.88,250.93,2171444
2024-12-27,SMH,249.28,250.07,245.16,248.4,3812328
2024-12-30,SMH,244.62,247.35,242.73,244.66,3532095
2024-12-31,SMH,245.51,246.05,241.4,242.17,3071840
2025-01-02,SMH,244.52,247.75,242.25,244.79,4464000
2025-01-03,SMH,247,252.33,246.68,251.88,4997025
2025-01-06,SMH,258.67,263.29,258.5,260.23,10533193
2025-01-07,SMH,263.42,263.58,253.05,254.04,7661073
2025-01-08,SMH,253.56,254.33,249.5108,252.23,5189522
2025-01-10,SMH,249.41,249.59,244.92,247.18,6901514
2025-01-13,SMH,241.065,244.93,240.62,244.64,6007459
2025-01-14,SMH,247.73,248.3828,242.39,245.44,3791539
2025-01-15,SMH,249.245,252.07,247.7,251.21,5316796
2025-01-16,SMH,257.11,257.2,252.15,252.29,5696146
2025-01-17,SMH,257.98,258.68,255.61,258.25,5387323
2025-01-21,SMH,260.8,264.32,258.4506,262.39,4922970
2025-01-22,SMH,266,269.66,265.14,267.17,6616460
2025-01-23,SMH,263.02,266.86,261.9,266.85,4704876
2025-01-24,SMH,267.4,267.43,260.62,261.53,5119857
2025-01-27,SMH,242.48,245.08,232.24,235.81,21944880
2025-01-28,SMH,237.89,241.031,232.26,240.45,11707323
2025-01-29,SMH,242.41,242.4537,236.635,239.53,8366035
2025-01-30,SMH,243.42,245.8499,240.67,245.17,7676288
2025-01-31,SMH,246.17,251.455,242.92,243.62,8021088
2025-02-03,SMH,235.97,241.64,235.12,238.78,7479648
2025-02-04,SMH,238.81,242.62,238.58,241.47,4579021
2025-02-05,SMH,242.12,247.5,240.4,247.14,4811115
2025-02-06,SMH,247.18,248.43,245.61,248.35,4877200
2025-02-07,SMH,249.56,250.65,243.48,245,7258908
2025-02-10,SMH,247,250.29,247,249.62,4231308
2025-02-11,SMH,247.7,251.04,247.41,249.87,3134879
2025-02-12,SMH,245.7,248.74,244.54,248.51,4212803
2025-02-13,SMH,248,252.09,247.79,251.92,4486146
2025-02-14,SMH,252,253.22,250.63,252.58,4279519
2025-02-18,SMH,254.715,257.2,253.34,256.22,6361446
2025-02-19,SMH,255.98,258.3799,253.88,257.34,3025373
2025-02-20,SMH,258.07,259.63,254.92,257.8,4401707
2025-02-21,SMH,258.35,258.7,249.19,249.99,7578486
2025-02-24,SMH,251.3,252.06,243.28,243.42,7518002
2025-02-25,SMH,242.71,243.78,237.34,238.25,7658557
2025-02-26,SMH,241.6,246.12,240.9,243.82,6675886
2025-02-27,SMH,246.072,246.38,228.7,228.79,10520634
2025-02-28,SMH,228.37,233.78,225.63,232.77,8654651
2025-03-03,SMH,235.365,235.37,220.95,223.01,10001218
2025-03-04,SMH,222.464,230.8,218.05,225.23,12563101
2025-03-05,SMH,227.82,230.21,223.47,229.4,6799419
2025-03-06,SMH,221.98,226.16,219.07,219.78,9155207
2025-03-07,SMH,220.6,225.75,217.07,225.09,9426838
2025-03-10,SMH,219.57,221.29,211.51,214.53,9616473
2025-03-11,SMH,215.21,219.02,210.46,214.22,7381274
2025-03-12,SMH,220.32,222.95,218.18,220.52,8710844
2025-03-13,SMH,220.78,223.88,217.81,219.55,5126791
2025-03-14,SMH,223.35,226.964,223.28,226.57,5100693
2025-03-17,SMH,226.23,231.04,226.02,228.96,5192188
2025-03-18,SMH,226.63,227.77,223.88,225.42,5196659
2025-03-19,SMH,225.42,231.015,223.775,227.41,4932530
2025-03-20,SMH,225.14,229.01,224.892,227.05,3654700
2025-03-21,SMH,222.77,225.61,221.41,224.77,6319285
2025-03-24,SMH,229.2,232.418,229.1,230.63,6503200
2025-03-25,SMH,230.45,230.66,228.85,229.65,3451806
2025-03-26,SMH,228.4,228.795,220.05,222.01,9685704
2025-03-27,SMH,219.05,220.7,216.565,217.75,9072487
2025-03-28,SMH,216.8,218.04,211.05,212.17,8722097
2025-03-31,SMH,207.33,211.69,204.51,211.47,9477213
2025-04-01,SMH,210.96,212.54,207.26,212.49,6151300
2025-04-02,SMH,208.96,216.61,208.47,214.09,7096159
2025-04-03,SMH,202.69,204.49,195.34,195.57,14298993
2025-04-04,SMH,188.7,190.29,178.231,180.8,22160097
2025-04-07,SMH,173.49,194.83,170.11,184.9,25600318
2025-04-08,SMH,192.99,195.72,176.05,179.95,19097648
2025-04-09,SMH,181.76,212.81,180.27,210.83,22178514
2025-04-10,SMH,201.38,202.5,189.04,196.21,18282536
2025-04-11,SMH,195.7,201.94,193.7,201.31,10156256
2025-04-14,SMH,206.615,206.78,198.77,201.61,9843315
2025-04-15,SMH,202.67,205.14,201.94,202.92,5097847
2025-04-16,SMH,193.16,196.76,188.53,194.35,13067200
2025-04-17,SMH,195.82,196,191,192.53,7067351
2025-04-21,SMH,188.898,189.3884,184.4,187.83,9572732
2025-04-22,SMH,190.35,193.3,188.96,191.9,7242693
2025-04-23,SMH,201.58,203.08,198.075,198.91,11495848
2025-04-24,SMH,203.22,209.28,202.1845,208.97,9696207
2025-04-25,SMH,207.18,213.29,206.5,211.97,7487437
2025-04-28,SMH,210.89,212.207,206.4,210.65,5804925
2025-04-29,SMH,209.33,212.25,208.52,210.29,4506180
2025-04-30,SMH,205.02,211.74,203.89,211.28,5974393
2025-05-01,SMH,214.93,216.5259,212.11,212.3,6878154
2025-05-02,SMH,217.99,220.92,217.235,219.03,6522174
2025-05-05,SMH,217.03,219.6,216.9,217.61,4536036
2025-05-06,SMH,213.65,217.44,212.8352,215.59,5019386
2025-05-07,SMH,215.72,220.92,214.19,220.02,9074353
2025-05-08,SMH,222.845,224.84,220.1,221.95,5919181
2025-05-09,SMH,224.525,225.3625,221.99,223.4,3495475
2025-05-12,SMH,236.72,238.67,234.05,237.41,9246912
2025-05-13,SMH,239.05,246.69,238.6,245.56,8665579
2025-05-14,SMH,247.65,249.44,245.6,247.99,7439569
2025-05-15,SMH,245.75,249,244.075,247.13,6446329
2025-05-16,SMH,247.54,247.61,244.12,246.42,3800074
2025-05-19,SMH,241.4,246.5,241.29,246.01,4196067
2025-05-20,SMH,243.87,245.61,242.88,245.54,3115165
2025-05-21,SMH,243.33,248.58,240.02,241.47,6392549
2025-05-22,SMH,241.03,243.61,240.32,240.81,5185483
2025-05-23,SMH,235.231,238.86,234.585,237.44,6577211
2025-05-27,SMH,242.49,245.69,240.6594,244.97,8858899
2025-05-28,SMH,245.29,246.21,241.905,242.36,10739453
2025-05-29,SMH,249,249.21,242.7001,244.08,9135620
2025-05-30,SMH,243.23,243.23,235.37,239.75,11064652
2025-06-02,SMH,239.175,244.03,238.96,243.3,4719859
2025-06-03,SMH,243.48,249.17,242.35,248.79,7518683
2025-06-04,SMH,250.57,252.61,248.36,251.75,7258713
2025-06-05,SMH,253.74,256.06,249.76,251.3,8057739
2025-06-06,SMH,253.535,255.59,252.64,252.73,5589747
2025-06-09,SMH,255,259.87,255,256.96,10841427
2025-06-10,SMH,258.36,262.68,257.46,262.07,9762982
2025-06-11,SMH,263.6,264.91,259.69,261.88,12285963
2025-06-12,SMH,260.06,264,260.06,263.15,6781903
2025-06-13,SMH,257.55,260.6,256.05,256.99,11950239
2025-06-16,SMH,259.965,265.05,259.78,263.38,7497747
2025-06-17,SMH,262.44,265.53,261.36,261.59,7284711
2025-06-18,SMH,262.78,264.9114,260.99,262.59,7367364
2025-06-20,SMH,264.85,265.025,257.22,260.27,11439904
2025-06-23,SMH,259.85,262.66,257.12,261.92,10420123
2025-06-24,SMH,265.93,271.62,265.74,271.54,9035532
2025-06-25,SMH,273.22,275.27,272.45,275.2,8480014
2025-06-26,SMH,277.08,277.95,274.95,277.2,6789034
2025-06-27,SMH,278.18,280.5,275.6444,278.42,8170862
2025-06-30,SMH,279.7,279.96,277.095,278.88,6375790
2025-07-01,SMH,276.8,278.055,272.16,275.84,8931315
2025-07-02,SMH,274.82,281.92,274.66,281.25,8713833
2025-07-03,SMH,282.82,285.19,282.31,283.62,4442978
2025-07-07,SMH,281.76,282.64,278.55,279.76,8616432
2025-07-08,SMH,281.61,284.73,280.7,283.48,8186459
2025-07-09,SMH,284.73,287.84,283.57,285.42,6810712
2025-07-10,SMH,287.885,288.19,284.56,287.52,5636246
2025-07-11,SMH,286.47,288.94,285.55,287.49,5676952
2025-07-14,SMH,286.3,286.52,281.74,285.32,7455764
2025-07-15,SMH,291.67,293.2,290.08,290.8,9892534
2025-07-16,SMH,288.5,289.57,283.13,289.28,10065893
2025-07-17,SMH,290.045,292.56,287.98,291.71,6998322
2025-07-18,SMH,292.91,293.325,289.33,290.31,5522542
2025-07-21,SMH,290.67,293.53,290.4,290.51,5910943
2025-07-22,SMH,289.735,289.84,282.12,285.37,11537512
2025-07-23,SMH,285.3,286.67,282.99,286.61,8194570
2025-07-24,SMH,287.185,288.27,284.92,287.8,5902611
2025-07-25,SMH,286.23,288.04,285.06,287.49,4014949
2025-07-28,SMH,289.78,291.57,289.29,291.41,5671906
2025-07-29,SMH,293.56,296.7292,291.48,292.9,6968672
2025-07-30,SMH,294.76,297.38,293.59,296.26,7930267
2025-07-31,SMH,294.7,294.92,286.05,288.78,9928055
2025-08-01,SMH,282.91,286.9366,279.19,283.95,14032196
2025-08-04,SMH,286.29,290.31,285.21,290.19,5323179
2025-08-05,SMH,290.74,291.33,284.21,287.1,6918330
2025-08-06,SMH,284.83,287.23,282.77,286.62,6124256
2025-08-07,SMH,292.83,294.71,288.62,291.12,8069437
2025-08-08,SMH,291.93,293.92,290.65,293.53,5121579
2025-08-11,SMH,294.51,297.09,292.73,293.4,5799738
2025-08-12,SMH,295.29,300.24,293.15,300.1,7598549
2025-08-13,SMH,301.84,302.98,298.57,301.28,8959735
2025-08-14,SMH,298,302.8,297.28,301.92,5826969
2025-08-15,SMH,299.36,299.36,293.94,295.65,9026333
2025-08-18,SMH,294.915,297.19,294.78,296.86,5577455
2025-08-19,SMH,296.86,297.12,290.63,290.87,8191866
2025-08-20,SMH,290,290,281.15,288.96,10091017
2025-08-21,SMH,287.78,289.87,285.88,287.46,6067701
2025-08-22,SMH,287.63,296.36,286.54,293.64,5810384
2025-08-25,SMH,293.75,295.79,292.115,293.92,4964984
2025-08-26,SMH,294.82,297.24,294.67,296.75,4967051
2025-08-27,SMH,295.85,298.1,294.38,297.66,5646172
2025-08-28,SMH,298.1,300.78,295.98,298.88,7193988
2025-08-29,SMH,295.56,295.56,289.1,290.29,13420941
2025-09-02,SMH,283.09,286.67,281.74,286.48,11543672
2025-09-03,SMH,287.36,287.93,283.78,286.43,7249632
2025-09-04,SMH,285.24,290.21,284.3,289.86,8079271
2025-09-05,SMH,295.07,295.15,289.25,293.28,9809634
2025-09-08,SMH,295.135,297.82,294.8,296.52,7223203
2025-09-09,SMH,297.22,297.99,295.11,297.81,6796992
2025-09-10,SMH,300.59,302.38,298.775,300.83,10221377
2025-09-11,SMH,303.54,305.56,303.17,303.93,7312385
2025-09-12,SMH,305.06,305.59,303.1,304.32,5231908
2025-09-15,SMH,303.815,307.23,303.01,307.17,5390242
2025-09-16,SMH,308.425,308.67,305.57,307.21,4227633
2025-09-17,SMH,306.5,307.1494,301.37,305.25,9647743
2025-09-18,SMH,313.55,318.62,312.6,316.97,16335567
2025-09-19,SMH,316.4,316.51,313.43,315.71,8381595
2025-09-22,SMH,316.27,323.14,316,322.17,11618134
2025-09-23,SMH,323.16,325.36,320.02,321.7,9158952
2025-09-24,SMH,321.395,321.96,317.47,321.11,8632214
2025-09-25,SMH,316.29,322.03,313.6,321.06,9592888
2025-09-26,SMH,321.64,322.42,318.14,321.82,6886102
2025-09-29,SMH,324.655,326.83,322.47,322.66,5833585
2025-09-30,SMH,322.75,326.72,322.43,326.36,7459901
2025-10-01,SMH,324.28,334.11,324.11,333.69,9911833
2025-10-02,SMH,339.66,340,336.56,338.24,8092564
2025-10-03,SMH,339.41,340.78,335.18,336.68,7769988
2025-10-06,SMH,345.46,348.53,343.38,343.38,10263178
2025-10-07,SMH,346.29,346.67,336.56,337.05,9365713
2025-10-08,SMH,336.73,346.46,336.42,346.07,7841482
2025-10-09,SMH,346.04,347.1,342.4,345.21,5565527
2025-10-10,SMH,345.97,346.4887,324.83,325.34,18804465
2025-10-13,SMH,337.48,341.09,335,339.75,11760190
2025-10-14,SMH,333.06,339.06,330.25,333.5,7296663
2025-10-15,SMH,342.1,343.08,335.51,341.78,8283819
2025-10-16,SMH,346.17,347.085,339.805,343.3,9047529
2025-10-17,SMH,341.22,344.93,338.14,342.83,8396255
2025-10-20,SMH,346,350.05,345.66,347.22,6436924
2025-10-21,SMH,347.06,347.1,343.16,345.3,4391848
2025-10-22,SMH,342.86,344.86,332.4,338.6,8014246
2025-10-23,SMH,337.05,345.905,336.725,344.8,6422550
2025-10-24,SMH,350.58,352.94,349.82,351.14,5649324
2025-10-27,SMH,357.67,360.6,356.21,359.94,6663417
2025-10-28,SMH,359.61,364.67,358.46,363.11,5086004
2025-10-29,SMH,369.075,372.7816,365.82,368.61,8102599
2025-10-30,SMH,367.43,369.86,363.55,363.73,6932721
2025-10-31,SMH,366.88,368.43,360.5,363.02,4917864
2025-11-03,SMH,367.69,369.47,364.69,366.1,4470471
2025-11-04,SMH,357.98,361.7925,351.795,352.76,8268996
2025-11-05,SMH,353.095,364.28,352.72,359.5,8605366
2025-11-06,SMH,359.59,360.15,348.71,351.09,9600467
2025-11-07,SMH,346.54,348.18,336.68,348.12,14723174
2025-11-10,SMH,357.55,360,353.95,358.79,9180650
2025-11-11,SMH,355.25,356.0431,349.74,351.05,7661156
2025-11-12,SMH,356.2,357.4799,352.94,355.53,5870743
2025-11-13,SMH,351.625,352.88,341.25,344.82,10654836
2025-11-14,SMH,335.24,348.91,333.75,344.98,12271174
2025-11-17,SMH,341.94,348.3435,337.05,340.3,6921299
2025-11-18,SMH,335.75,337.79,329.12,333.29,12933067
2025-11-19,SMH,334.81,343.06,333.46,339.44,9842253
2025-11-20,SMH,348.86,349.7799,323.69,325.1,14686653
2025-11-21,SMH,325,331.62,315.05,326.13,17298698
2025-11-24,SMH,329,340.57,328.83,339.12,10650899
2025-11-25,SMH,334.73,340.72,327.35,340.01,12052681
2025-11-26,SMH,344.25,350.3,343.43,347.71,5533284
2025-11-28,SMH,349.17,352.57,347.71,352.28,3352740
2025-12-01,SMH,348.845,355.01,348.06,352.96,3901980
2025-12-02,SMH,355.85,360.79,354.15,359.43,6657912
2025-12-03,SMH,359.7,364.575,356.23,364.37,4642684
2025-12-04,SMH,363.26,364.37,359.6,361.6,3971848
2025-12-05,SMH,364.46,368.578,363.54,364.42,3619211
2025-12-08,SMH,368.1,370.72,365.74,368.55,4334313
2025-12-09,SMH,367.035,369.5572,365.35,369,3173307
2025-12-10,SMH,368.91,375.59,366.93,374.1,5653318
2025-12-11,SMH,369.775,371.22,361.68,370.89,7499886
2025-12-12,SMH,366.99,367.56,352.88,354.12,12705929
2025-12-15,SMH,358.13,359.2,352.19,352.9,5605782
2025-12-16,SMH,351.57,354.39,348.31,351.94,5849243
2025-12-17,SMH,352.89,352.89,338.062,339.24,10780364
2025-12-18,SMH,350.84,352.09,345.83,347.25,8260179
2025-12-19,SMH,350.31,358.53,350.31,356.23,8838677
2025-12-22,SMH,362.41,362.48,357.77,359.7,4799521
2025-12-23,SMH,358.6,363.3,358.06,363.16,3542056
2025-12-24,SMH,362.7,364.54,362.15,364.17,1640529
2025-12-26,SMH,366.065,367.35,364.49,365.86,2921277
2025-12-29,SMH,362.655,365.82,360.82,364.21,4874419
2025-12-30,SMH,365.16,366.24,363.07,363.31,2926998
2025-12-31,SMH,364.83,365.5684,360.07,360.13,2687316
2026-01-02,SMH,368.95,376.335,368.835,373.3,8972358
2026-01-05,SMH,381.715,383.99,376.94,377.59,9071296
2026-01-06,SMH,382.395,389.365,382.14,387.62,10201168
2026-01-07,SMH,385.2,387.81,383.59,385.02,6058880
2026-01-08,SMH,384.56,384.74,375.86,378.98,5724015
2026-01-09,SMH,382.275,390.88,380.08,389.22,6490839
2026-01-12,SMH,385.665,391.98,385.665,390.66,5532026
2026-01-13,SMH,392.27,396.1,390.3832,391.53,5281595
2026-01-14,SMH,388.96,389.3406,383.81,388.35,6696503
2026-01-15,SMH,401.07,403.62,396.12,396.41,9948083
2026-01-16,SMH,402.85,405.31,398.42,400.39,5485939
2026-01-20,SMH,393.16,397.155,389.43,390.39,7158534
2026-01-21,SMH,394.75,405.88,393.37,401.93,8754595
2026-01-22,SMH,408.175,408.73,401.57,402.82,5462581
2026-01-23,SMH,400.5,403.0887,397.53,400.09,5869514
2026-01-26,SMH,398.4,400.74,396.22,398.82,4326866
2026-01-27,SMH,403.9,409.39,402.205,407.25,6145564
2026-01-28,SMH,415.34,418.49,413.1322,416.63,7641913
2026-01-29,SMH,417.44,420.6,403.17,417.52,9352480
2026-01-30,SMH,411.28,416.64,400.5754,403.46,9029033
2026-02-02,SMH,398.86,412.04,398.43,407.97,5946327
2026-02-03,SMH,411.03,412.58,390.52,397.68,12188626
2026-02-04,SMH,394.67,396.7106,374.24,382.02,16908468
2026-02-05,SMH,379.14,388.08,375.5609,381.07,12007770
2026-02-06,SMH,389.2,403.08,387.19,401.65,13460264
2026-02-09,SMH,398.91,409.69,397,406.65,5915243
2026-02-10,SMH,408.18,408.8,401.83,404.76,5645261
2026-02-11,SMH,413.835,418.08,406.36,414.78,6211177
2026-02-12,SMH,418.33,420.0392,405.28,406.11,7379088
2026-02-13,SMH,408.15,412.07,402.49,407.72,6481565
2026-02-17,SMH,402.705,410.87,397.77,407.51,7312702
2026-02-18,SMH,411.44,417.04,408.715,412.55,5839869
2026-02-19,SMH,408.71,411,405.56,410.2,4056441
2026-02-20,SMH,407.655,416.83,407.18,415.03,5715805
2026-02-23,SMH,413.57,417.6999,409.275,412.88,5842756
2026-02-24,SMH,417.215,421.67,411.67,419.16,7828860
2026-02-25,SMH,424.345,427.94,423.68,426.16,7714452
2026-02-26,SMH,423.72,423.72,405.56,412.01,14811315
2026-02-27,SMH,403.26,409.24,401.88,406.37,9049053
2026-03-02,SMH,397.25,407.36,396.92,406.39,11490174
2026-03-03,SMH,391.36,394.54,385.93,391.06,13768923
2026-03-04,SMH,396.25,401.23,393.1,399.1,8767199
2026-03-05,SMH,396.06,401.11,386.75,395.35,11793743
2026-03-06,SMH,384.97,392.67,378.53,380.56,12423222
2026-03-09,SMH,375.76,395.36,374.1601,394.37,16338100
2026-03-10,SMH,394,403.88,394,397.33,13687716
2026-03-11,SMH,400.01,404.39,398.69,401.03,6024928
2026-03-12,SMH,395.46,396.06,386.74,388.13,9845227
2026-03-13,SMH,392.32,396.33,386.07,387.33,7636079
2026-03-16,SMH,395.14,399.48,392.64,393.92,10317560
2026-03-17,SMH,397.155,397.61,393.22,396.88,6646252
2026-03-18,SMH,396.96,399.69,393.47,393.67,8372417
2026-03-19,SMH,384,397.53,381.44,394.92,12674826
2026-03-20,SMH,394.11,395.73,380.87,384.74,12846845
2026-03-23,SMH,393.36,399.28,389.44,391.36,12742293
2026-03-24,SMH,388.03,396.88,387.62,394.59,6177166
2026-03-25,SMH,398.355,402.5,395.74,399.02,7388665
2026-03-26,SMH,391.92,392.68,380.3,380.84,14806234
2026-03-27,SMH,377.79,381.309,373.01,374.25,11811407
2026-03-30,SMH,377.615,379.24,359.862,362.53,12198183
2026-03-31,SMH,368.735,383.5,368.1,383.4,13834948
2026-04-01,SMH,388.255,396.63,386.38,391.97,10805350
2026-04-02,SMH,378.07,393.5,378.0009,392.32,8505833
2026-04-06,SMH,393.745,397.1,391.9,395.98,4186120
2026-04-07,SMH,394.71,400.09,389.64,399.9,6672538
2026-04-08,SMH,423.16,424.99,414.99,422.92,10184264
2026-04-09,SMH,423.17,430.65,422.63,430.31,6018201
2026-04-10,SMH,434.45,441.54,434.45,436.88,11224186
2026-04-13,SMH,434.745,443.64,433.6,443.34,6549794
2026-04-14,SMH,448,452.095,444.24,452,6932448
2026-04-15,SMH,450.7,453.33,435.15,453,9155668
2026-04-16,SMH,450.725,457.09,447.7702,454.8,6450664
2026-04-17,SMH,462.8,464.58,459.5,464.16,7184643
2026-04-20,SMH,464.64,465.74,458.65,463.96,3935098
2026-04-21,SMH,466.285,468.4262,462.24,464.66,5598577
2026-04-22,SMH,471.05,477.42,467.17,476.83,7835173
2026-04-23,SMH,480.395,488.08,475.1901,481.85,10619719
2026-04-24,SMH,499.505,509.59,495.46,506.44,12614318
2026-04-27,SMH,509.19,510.1,497.745,506.26,9040153
2026-04-28,SMH,488.185,496.66,483.29,491.21,12664811
2026-04-29,SMH,496.345,499.58,492.34,499.58,6007909
2026-04-30,SMH,504.705,507.7899,495.02,506.72,8401642
2026-05-01,SMH,504.205,511.99,502.25,509.82,5308292
2026-05-04,SMH,512.47,513.15,501.15,506.79,6867462
2026-05-05,SMH,515.38,526.2,514.12,522.69,8624608
2026-05-06,SMH,537.77,549.88,532.35,549.76,15262913
2026-05-07,SMH,545.765,549.7032,535.92,540.1,10905154
2026-05-08,SMH,551.58,566.79,549,566.54,8553714
2026-05-11,SMH,570.26,578.0598,566.8,576.31,12680940
2026-05-12,SMH,565.005,570.4,542.67,561.25,17720787
2026-05-13,SMH,571.795,576.2,560.12,572.46,9586693
2026-05-14,SMH,570.84,581.1699,567.75,578.34,8458691
2026-05-15,SMH,560.305,565.88,552.9101,556.34,13009610
2026-05-18,SMH,565.475,567.21,536.87,546.16,12317457
2026-05-19,SMH,534.94,553.339,527.87,543.96,11905827
2026-05-20,SMH,552.75,564.72,551.65,564.66,8892210
2026-05-21,SMH,561.02,570.6,557.62,567.88,8293803
2026-05-22,SMH,574.27,582.5,572.86,576.32,7535020
2026-05-26,SMH,591.58,603.97,589.1,602.14,10008514
2026-05-27,SMH,611.94,612.3,584.93,595.5,11208990
2026-05-28,SMH,595.81,604.74,587.31,599.83,7624970
2026-05-29,SMH,606.03,611.7886,597.12,598.93,7603183
2026-06-01,SMH,596.095,613.4299,593.09,607.81,8648978
2026-06-02,SMH,619.6,632.57,614.465,632.21,8083502
2026-06-03,SMH,640.8,642.77,623.91,637.9,10179872
2026-06-04,SMH,613,634.78,604.61,627.53,10462936
2026-06-05,SMH,605.09,607,569.69,569.69,22038001
2026-06-08,SMH,597.21,606.2,588.54,598.16,13823901
2026-06-09,SMH,609.475,613.69,554.66,591.01,20329715
2026-06-10,SMH,580.755,598.73,568.29,570.91,12711368
2026-06-11,SMH,582.605,611.62,581.61,609.45,12196801
2026-06-12,SMH,607.95,624.62,602.21,619.96,8986716
2026-06-15,SMH,643.5,649.24,639.25,647.1,9613891
2026-06-16,SMH,643.52,648.31,616,616,10949632
2026-06-17,SMH,633.46,643.5,623.13,623.97,10658832
2026-06-18,SMH,648.545,663.7999,648.15,659.88,11229715
2026-06-22,SMH,670.345,671.83,660.0201,668.91,8042965
2026-06-23,SMH,625.93,636.88,617.27,622.05,19125963
2026-06-24,SMH,622.28,625.23,606.23,618.92,11901988
2026-06-25,SMH,649.37,650.03,613.93,636.88,14909351
2026-06-26,SMH,616.79,621.71,609,611.61,12728345
2026-06-29,SMH,615.03,633.26,596.17,631.98,10473943
2026-06-30,SMH,636.065,659.74,634.6,655.89,9406890
2026-07-01,SMH,634.35,639.89,618.62,620.46,13424666
2026-07-02,SMH,622.58,627.7,582.6,592.29,21334058
2026-07-06,SMH,607.05,618.21,604.05,604.3,9820715
2026-07-07,SMH,580.02,585.97,566.83,581.45,14619227
2026-07-08,SMH,575.33,595,575.04,593,9521328
2026-07-09,SMH,615.48,618.1656,604.7,607.73,9045101
2026-07-10,SMH,600.87,615.05,595.84,611.03,6608365
2026-07-13,SMH,598.005,599.36,583.09,585.62,8736478
2026-07-14,SMH,608.895,608.895,590.38,600.31,7581088
2026-07-15,SMH,606.88,606.88,573.72,590.77,6867506
